,Trade Date,Futures,Open,High,Low,Close,Settle,Change,Total Volume,EFP,Open Interest
0,2021-01-04,F (Jan 2021),23.4,27.35,23.15,26.45,26.275,2.6,132333,0,119409
1,2021-01-05,F (Jan 2021),26.5,27.45,24.95,25.4,25.325,-0.95,87182,0,111463
2,2021-01-06,F (Jan 2021),25.5,26.45,23.2,24.7,25.125,-0.2,143351,139,104005
3,2021-01-07,F (Jan 2021),24.6,24.63,22.95,23.2,23.225,-1.9,90569,309,97478
4,2021-01-08,F (Jan 2021),23.2,23.77,22.55,22.8,22.775,-0.45,87598,0,86283
5,2021-01-11,F (Jan 2021),22.8,24.81,22.8,24.35,24.475,1.7,89976,110,76470
6,2021-01-12,F (Jan 2021),24.3,24.8,23.3,23.54,23.325,-1.15,76341,0,66181
7,2021-01-13,F (Jan 2021),23.5,23.96,22.5,22.75,22.675,-0.65,68196,0,57587
8,2021-01-14,F (Jan 2021),22.75,23.3,22.27,23.2,23.175,0.5,61207,0,49860
9,2021-01-15,F (Jan 2021),23.1,25.2,23.0,24.6,23.775,0.6,97472,0,40776
10,2021-01-19,F (Jan 2021),24.3,24.55,22.55,23.2,23.225,-0.55,88801,0,18074
11,2021-01-20,F (Jan 2021),22.9,23.0,22.2,22.5,22.59,-0.635,908,0,16066
12,2021-01-21,G (Feb 2021),24.81,25.2,24.5,24.6,24.525,-0.25,76586,0,213879
13,2021-01-22,G (Feb 2021),24.6,25.88,24.6,24.85,24.875,0.35,67721,409,204641
14,2021-01-25,G (Feb 2021),25.0,27.1,24.35,25.85,25.9535,1.0785,127359,384,195131
15,2021-01-26,G (Feb 2021),25.9,26.47,24.95,25.3,25.4095,-0.544,99024,0,188249
16,2021-01-27,G (Feb 2021),25.35,36.15,25.25,33.05,31.5342,6.1247,287653,0,179190
17,2021-01-28,G (Feb 2021),32.7,34.35,28.85,30.49,30.3946,-1.1396,209415,102,156932
18,2021-01-29,G (Feb 2021),30.4,34.1,29.6,32.85,32.3859,1.9913,189447,1097,154737
19,2021-02-01,G (Feb 2021),33.05,34.55,30.07,30.6,30.3302,-2.0557,123261,0,135918
20,2021-02-02,G (Feb 2021),30.6,30.8,27.15,27.35,27.5781,-2.7521,118548,0,120354
21,2021-02-03,G (Feb 2021),27.45,27.54,25.25,25.5,25.7794,-1.7987,91707,0,111756
22,2021-02-04,G (Feb 2021),25.53,26.4,24.1,24.3,24.2274,-1.552,88608,0,106565
23,2021-02-05,G (Feb 2021),24.35,24.9,24.05,24.2,24.0993,-0.1281,73362,0,98018
24,2021-02-08,G (Feb 2021),24.05,24.45,23.74,23.85,23.8379,-0.2614,70831,150,88467
25,2021-02-09,G (Feb 2021),23.85,24.5,23.45,23.7,23.7021,-0.1358,71579,0,78401
26,2021-02-10,G (Feb 2021),23.8,25.15,23.4,23.75,23.7413,0.0392,95580,0,69886
27,2021-02-11,G (Feb 2021),23.75,24.35,22.65,23.0,22.71,-1.0313,86236,73,56795
28,2021-02-12,G (Feb 2021),23.0,23.75,21.3,21.4,21.3594,-1.3506,83230,0,48842
29,2021-02-16,G (Feb 2021),21.4,22.5,21.13,21.6,21.2418,-0.1176,111226,555,28089
30,2021-02-17,G (Feb 2021),21.5,22.1,20.8,21.7,22.81,1.5682,2564,0,25046
31,2021-02-18,H (Mar 2021),25.75,26.75,25.5,25.85,25.8017,0.2017,106783,354,252403
32,2021-02-19,H (Mar 2021),25.85,26.55,24.54,24.9,24.7988,-1.0029,117406,3025,241118
33,2021-02-22,H (Mar 2021),24.8,26.33,24.6,25.6,25.9031,1.1043,107045,850,230852
34,2021-02-23,H (Mar 2021),25.55,27.55,24.7,25.05,24.748,-1.1551,147783,522,217889
35,2021-02-24,H (Mar 2021),25.0,26.0,23.7,24.0,23.7595,-0.9885,110416,353,203429
36,2021-02-25,H (Mar 2021),24.0,29.0,23.78,28.3,28.215,4.4555,209128,455,204080
37,2021-02-26,H (Mar 2021),28.3,29.35,26.13,27.1,26.7444,-1.4706,196456,0,175182
38,2021-03-01,H (Mar 2021),26.75,27.0,24.2,24.55,24.6158,-2.1286,113262,244,162956
39,2021-03-02,H (Mar 2021),24.5,25.15,24.11,24.85,24.765,0.1492,95795,150,147401
40,2021-03-03,H (Mar 2021),24.75,26.4,23.65,26.35,26.1275,1.3625,130079,967,145366
41,2021-03-04,H (Mar 2021),26.2,29.25,25.19,27.45,27.521,1.3935,165809,0,136244
42,2021-03-05,H (Mar 2021),27.3,28.55,24.9,25.1,25.0507,-2.4703,142788,190,121277
43,2021-03-08,H (Mar 2021),24.9,26.65,24.35,25.45,25.3667,0.316,109828,160,106909
44,2021-03-09,H (Mar 2021),25.4,25.55,23.6,23.94,23.9726,-1.3941,94573,0,91327
45,2021-03-10,H (Mar 2021),23.95,24.25,23.05,23.45,23.5048,-0.4678,104199,0,83250
46,2021-03-11,H (Mar 2021),23.42,23.65,22.65,23.05,22.8882,-0.6166,77841,0,70848
47,2021-03-12,H (Mar 2021),23.0,23.81,21.93,22.05,21.9778,-0.9104,89608,168,60646
48,2021-03-15,H (Mar 2021),22.05,22.24,20.05,20.35,20.1006,-1.8772,82108,0,47687
49,2021-03-16,H (Mar 2021),20.42,20.6,19.55,19.95,19.9204,-0.1802,85204,0,33898
50,2021-03-17,H (Mar 2021),19.8,20.7,19.8,20.2,20.8,0.8796,1841,0,25211
51,2021-03-18,J (Apr 2021),23.15,24.55,22.75,24.16,24.3001,1.2976,119571,501,223099
52,2021-03-19,J (Apr 2021),24.15,24.81,23.2,23.55,23.315,-0.9851,98565,0,214012
53,2021-03-22,J (Apr 2021),23.6,23.85,21.55,21.81,21.731,-1.584,86738,414,207222
54,2021-03-23,J (Apr 2021),21.8,23.3,21.75,22.6,22.833,1.102,101610,144,209764
55,2021-03-24,J (Apr 2021),22.6,23.1,21.85,22.9,22.9775,0.1445,95892,0,193637
56,2021-03-25,J (Apr 2021),22.9,24.5,22.15,22.25,22.3056,-0.6719,136596,0,180052
57,2021-03-26,J (Apr 2021),22.3,22.9,21.1,21.45,21.3859,-0.9197,133483,283,169944
58,2021-03-29,J (Apr 2021),21.55,22.7,21.45,21.9,22.0032,0.6173,109585,177,162049
59,2021-03-30,J (Apr 2021),21.9,22.35,20.97,21.1,21.0321,-0.9711,76406,0,155859
60,2021-03-31,J (Apr 2021),21.1,21.35,20.37,20.75,20.734,-0.2981,89544,96,147130
61,2021-04-01,J (Apr 2021),20.7,20.8,19.8,19.9,20.0824,-0.6516,85570,50,152207
62,2021-04-05,J (Apr 2021),19.9,19.9,19.3,19.45,19.5423,-0.5401,64903,1677,132500
63,2021-04-06,J (Apr 2021),19.48,19.85,19.15,19.65,19.561,0.0187,73609,38,125853
64,2021-04-07,J (Apr 2021),19.65,19.7,18.85,18.85,18.986,-0.575,73027,60,118895
65,2021-04-08,J (Apr 2021),18.9,18.91,18.25,18.4,18.4887,-0.4973,89696,0,116389
66,2021-04-09,J (Apr 2021),18.4,18.83,18.0,18.45,18.1505,-0.3382,65479,0,112318
67,2021-04-12,J (Apr 2021),18.35,18.85,17.95,18.05,18.0039,-0.1466,75084,146,100790
68,2021-04-13,J (Apr 2021),18.05,18.48,17.55,17.8,17.6781,-0.3258,85452,229,90214
69,2021-04-14,J (Apr 2021),17.75,18.3,17.45,17.88,18.0989,0.4208,97555,0,74708
70,2021-04-15,J (Apr 2021),17.95,18.0,17.07,17.2,17.1523,-0.9466,67884,0,67301
71,2021-04-16,J (Apr 2021),17.15,17.4,16.85,17.11,17.0019,-0.1504,67869,500,56854
72,2021-04-19,J (Apr 2021),17.2,18.51,17.1,17.65,17.657,0.6551,93266,500,48111
73,2021-04-20,J (Apr 2021),17.7,19.3,17.41,18.96,18.6526,0.9956,90513,0,28759
74,2021-04-21,J (Apr 2021),18.9,19.2,18.0,19.05,19.28,0.6274,1337,0,26203
75,2021-04-22,K (May 2021),20.2,21.65,19.85,21.05,21.1658,1.1703,142688,129,201584
76,2021-04-23,K (May 2021),21.05,21.15,19.9,20.35,20.4318,-0.734,98966,0,192293
77,2021-04-26,K (May 2021),20.4,20.55,20.1,20.24,20.2051,-0.2267,62805,130,184260
78,2021-04-27,K (May 2021),20.25,20.45,19.65,19.85,19.7093,-0.4958,78382,320,175943
79,2021-04-28,K (May 2021),19.83,20.0,19.5,19.6,19.6632,-0.0461,71265,210,169114
80,2021-04-29,K (May 2021),19.65,20.4,19.2,19.68,19.5684,-0.0948,86698,0,162237
81,2021-04-30,K (May 2021),19.65,20.7,19.65,20.45,20.438,0.8696,98510,1833,157419
82,2021-05-03,K (May 2021),20.45,20.55,19.65,19.75,19.7324,-0.7056,80758,0,143936
83,2021-05-04,K (May 2021),19.75,22.0,19.6,20.8,20.5493,0.8169,139634,324,137021
84,2021-05-05,K (May 2021),20.75,20.85,19.5,20.05,19.9784,-0.5709,91013,0,125201
85,2021-05-06,K (May 2021),20.1,21.1,19.56,19.8,19.6892,-0.2892,92278,140,118198
86,2021-05-07,K (May 2021),19.8,19.95,18.2,18.4,18.2917,-1.3975,88812,0,114740
87,2021-05-10,K (May 2021),18.35,19.93,18.0,19.75,19.4819,1.1902,113759,32,95539
88,2021-05-11,K (May 2021),19.78,22.1,19.5,21.66,21.2388,1.7569,189216,704,82517
89,2021-05-12,K (May 2021),21.7,27.15,21.2,26.1,25.9725,4.7337,196274,459,72038
90,2021-05-13,K (May 2021),26.25,27.03,22.12,22.7,22.6932,-3.2793,135964,0,58534
91,2021-05-14,K (May 2021),22.75,22.9,18.89,19.1,19.1312,-3.562,107377,0,46726
92,2021-05-17,K (May 2021),19.25,21.35,18.95,19.65,19.9063,0.7751,88206,45,32516
93,2021-05-18,K (May 2021),19.7,21.9,18.79,21.76,21.1438,1.2375,79787,0,18216
94,2021-05-19,K (May 2021),21.6,25.35,21.6,24.3,25.21,4.0662,2686,0,17537
95,2021-05-20,M (Jun 2021),23.65,24.0,21.85,22.1,22.1031,-1.283,104176,115,169030
96,2021-05-21,M (Jun 2021),22.2,22.2,21.4,21.85,21.8453,-0.2578,71397,0,162356
97,2021-05-24,M (Jun 2021),22.05,22.25,20.5,20.85,20.7569,-1.0884,65826,0,161035
98,2021-05-25,M (Jun 2021),20.85,21.15,20.5,20.6,20.7012,-0.0557,67262,0,158196
99,2021-05-26,M (Jun 2021),20.65,20.65,19.58,19.65,19.6232,-1.078,73506,3072,149527
100,2021-05-27,M (Jun 2021),19.6,20.1,18.5,18.63,18.5669,-1.0563,81396,301,144144
101,2021-05-28,M (Jun 2021),18.6,19.2,18.45,19.1,19.1343,0.5674,77714,376,136027
102,2021-06-01,M (Jun 2021),18.95,19.65,18.45,19.4,19.5551,0.4208,83140,0,128492
103,2021-06-02,M (Jun 2021),19.4,19.61,18.65,19.05,18.9248,-0.6303,64289,0,122617
104,2021-06-03,M (Jun 2021),19.0,20.0,18.92,19.3,19.2865,0.3617,75480,0,112656
105,2021-06-04,M (Jun 2021),19.35,19.71,17.95,18.29,18.1246,-1.1619,83236,0,103740
106,2021-06-07,M (Jun 2021),18.29,18.55,17.6,17.65,17.6359,-0.4887,53372,0,94995
107,2021-06-08,M (Jun 2021),17.75,18.46,17.5,18.0,17.9012,0.2653,64345,0,86810
108,2021-06-09,M (Jun 2021),18.0,18.5,17.62,18.33,18.3797,0.4785,63985,0,71742
109,2021-06-10,M (Jun 2021),18.35,18.65,16.85,17.03,16.9031,-1.4766,79703,0,63061
110,2021-06-11,M (Jun 2021),17.03,17.05,16.07,16.58,16.5505,-0.3526,67007,0,54866
111,2021-06-14,M (Jun 2021),16.65,17.08,16.05,16.65,16.4514,-0.0991,65209,0,44068
112,2021-06-15,M (Jun 2021),16.65,17.43,16.2,17.1,17.1014,0.65,72601,0,29033
113,2021-06-16,M (Jun 2021),17.3,17.44,16.9,17.1,16.38,-0.7214,1826,0,27655
114,2021-06-17,N (Jul 2021),19.8,20.55,18.84,19.45,19.5146,-0.1084,92236,0,187437
115,2021-06-18,N (Jul 2021),19.5,21.65,19.25,21.5,21.339,1.8244,159384,0,191416
116,2021-06-21,N (Jul 2021),21.45,22.25,19.6,20.2,19.9159,-1.4231,113975,174,171626
117,2021-06-22,N (Jul 2021),20.1,20.35,18.7,18.75,18.8265,-1.0894,95264,0,165248
118,2021-06-23,N (Jul 2021),18.8,18.95,18.25,18.3,18.4413,-0.3852,61946,284,163908
119,2021-06-24,N (Jul 2021),18.37,18.4,17.9,18.1,18.167,-0.2743,55526,0,158014
120,2021-06-25,N (Jul 2021),18.15,18.3,17.65,17.7,17.7017,-0.4653,51228,0,153865
121,2021-06-28,N (Jul 2021),17.7,18.05,17.5,17.75,17.7213,0.0196,58554,0,151974
122,2021-06-29,N (Jul 2021),17.75,18.2,17.55,17.97,18.1278,0.4065,54954,0,145227
123,2021-06-30,N (Jul 2021),18.05,18.41,17.75,17.85,17.9033,-0.2245,69357,0,138679
124,2021-07-01,N (Jul 2021),17.85,18.0,17.44,17.55,17.4735,-0.4298,59366,0,136480
125,2021-07-02,N (Jul 2021),17.55,17.66,16.85,17.5,17.4706,-0.0029,79965,1172,128062
126,2021-07-06,N (Jul 2021),17.45,18.7,17.19,18.2,17.9987,0.5281,94335,0,127575
127,2021-07-07,N (Jul 2021),18.16,18.8,17.7,17.9,18.0485,0.0498,74187,0,109951
128,2021-07-08,N (Jul 2021),17.95,20.5,17.9,19.75,19.545,1.4965,156447,0,93692
129,2021-07-09,N (Jul 2021),19.75,20.1,17.7,17.9,17.7962,-1.7488,104248,0,80172
130,2021-07-12,N (Jul 2021),17.85,18.4,17.25,17.25,17.3713,-0.4249,65228,0,73831
131,2021-07-13,N (Jul 2021),17.3,17.9,16.95,17.8,17.7342,0.3629,76204,0,68529
132,2021-07-14,N (Jul 2021),17.75,18.05,16.91,17.17,17.047,-0.6872,78877,0,64714
133,2021-07-15,N (Jul 2021),17.16,18.25,17.15,17.6,17.51,0.463,91530,166,54747
134,2021-07-16,N (Jul 2021),17.65,18.76,16.8,18.5,18.6228,1.1128,80811,0,47654
135,2021-07-19,N (Jul 2021),18.55,24.76,18.35,22.02,22.738,4.1152,141925,70,34977
136,2021-07-20,N (Jul 2021),21.95,22.85,19.75,19.84,19.9561,-2.7819,79034,8,23615
137,2021-07-21,N (Jul 2021),19.95,20.0,18.5,19.05,18.9,-1.0561,1480,0,20043
138,2021-07-22,Q (Aug 2021),20.1,20.85,19.9,20.15,20.5665,0.4583,82003,1033,164178
139,2021-07-23,Q (Aug 2021),20.2,20.5,19.95,20.5,20.3675,-0.199,67116,0,159138
140,2021-07-26,Q (Aug 2021),20.4,21.45,20.0,20.1,20.1497,-0.2178,68002,1564,153021
141,2021-07-27,Q (Aug 2021),20.15,21.9,20.05,21.05,20.7147,0.565,113181,0,145155
142,2021-07-28,Q (Aug 2021),21.08,21.25,19.78,20.45,20.1089,-0.6058,87299,200,139060
143,2021-07-29,Q (Aug 2021),20.4,20.7,19.55,20.0,19.7092,-0.3997,61839,1284,136906
144,2021-07-30,Q (Aug 2021),20.1,21.12,19.78,20.25,20.274,0.5648,80337,0,132323
145,2021-08-02,Q (Aug 2021),20.45,21.3,19.55,21.05,21.1496,0.8756,84656,0,124828
146,2021-08-03,Q (Aug 2021),21.1,21.45,19.8,20.05,19.8525,-1.2971,92430,164,116995
147,2021-08-04,Q (Aug 2021),20.0,20.46,19.6,19.91,19.8494,-0.0031,56908,50,109492
148,2021-08-05,Q (Aug 2021),19.9,19.95,19.25,19.31,19.3129,-0.5365,50098,158,102241
149,2021-08-06,Q (Aug 2021),19.4,19.5,18.65,18.78,18.7024,-0.6105,69232,0,100337
150,2021-08-09,Q (Aug 2021),18.8,19.35,18.25,18.3,18.4231,-0.2793,70508,0,83888
151,2021-08-10,Q (Aug 2021),18.4,18.6,17.8,18.05,17.9776,-0.4455,62237,62,74802
152,2021-08-11,Q (Aug 2021),18.05,18.3,17.35,17.69,17.4443,-0.5333,73573,0,60471
153,2021-08-12,Q (Aug 2021),17.65,17.8,16.78,16.85,17.0028,-0.4415,56780,80,52384
154,2021-08-13,Q (Aug 2021),16.88,17.05,16.5,16.7,16.631,-0.3718,57486,0,45852
155,2021-08-16,Q (Aug 2021),16.65,17.95,16.45,16.6,16.504,-0.127,64794,0,32675
156,2021-08-17,Q (Aug 2021),16.65,19.35,16.5,18.15,17.5787,1.0747,84418,0,18213
157,2021-08-18,Q (Aug 2021),18.0,18.4,17.35,18.1,18.58,1.0013,641,0,17493
158,2021-08-19,U (Sep 2021),21.65,23.2,21.3,22.24,22.346,0.6402,197377,948,171142
159,2021-08-20,U (Sep 2021),22.2,23.1,20.35,20.56,20.5273,-1.8187,126294,0,155070
160,2021-08-23,U (Sep 2021),20.6,20.6,19.45,19.7,19.8468,-0.6805,94276,390,145894
161,2021-08-24,U (Sep 2021),19.7,19.9,19.5,19.65,19.7306,-0.1162,60186,79,141750
162,2021-08-25,U (Sep 2021),19.65,19.9,19.15,19.25,19.2328,-0.4978,55067,973,139644
163,2021-08-26,U (Sep 2021),19.3,20.45,19.25,20.15,20.1229,0.8901,107636,0,133813
164,2021-08-27,U (Sep 2021),20.15,20.4,18.8,19.05,18.9529,-1.17,81083,0,127508
165,2021-08-30,U (Sep 2021),19.1,19.2,18.65,18.7,18.746,-0.2069,65128,978,120884
166,2021-08-31,U (Sep 2021),18.7,19.1,18.43,18.6,18.6212,-0.1248,66371,0,117945
167,2021-09-01,U (Sep 2021),18.5,18.76,17.9,18.1,18.0805,-0.5407,76389,425,114027
168,2021-09-02,U (Sep 2021),18.1,18.45,17.75,18.1,17.9632,-0.1173,69977,0,106130
169,2021-09-03,U (Sep 2021),18.05,18.65,17.85,18.26,18.3528,0.3896,81359,0,93209
170,2021-09-07,U (Sep 2021),18.3,19.3,17.9,18.92,18.8314,0.4786,86267,0,83747
171,2021-09-08,U (Sep 2021),18.9,20.15,18.7,19.1,18.7658,-0.0656,98829,0,72873
172,2021-09-09,U (Sep 2021),19.1,20.1,18.33,19.4,19.3716,0.6058,104019,0,61109
173,2021-09-10,U (Sep 2021),19.5,20.71,18.1,20.49,20.6249,1.2533,110074,0,48515
174,2021-09-13,U (Sep 2021),20.4,20.8,19.05,19.25,19.298,-1.3269,94848,0,31705
175,2021-09-14,U (Sep 2021),19.3,20.4,18.65,19.65,19.715,0.417,81624,0,18705
176,2021-09-15,U (Sep 2021),19.5,19.83,18.95,19.4,19.79,0.075,1049,0,17398
177,2021-10-21,X (Nov 2021),19.35,19.7,18.65,18.95,18.6977,-0.6178,74115,0,195650
178,2021-10-22,X (Nov 2021),18.95,19.6,18.55,19.2,19.1016,0.4039,81858,0,189386
179,2021-10-25,X (Nov 2021),19.25,19.45,18.5,18.6,18.5505,-0.5511,68650,948,181529
180,2021-10-26,X (Nov 2021),18.6,19.4,18.25,18.9,18.9246,0.3741,77215,0,174572
181,2021-10-27,X (Nov 2021),18.95,19.5,18.4,19.25,19.3496,0.425,96839,0,170841
182,2021-10-28,X (Nov 2021),19.3,19.35,18.6,19.0,18.6503,-0.6993,72368,0,163083
183,2021-10-29,X (Nov 2021),18.95,19.55,18.65,18.75,18.7793,0.129,78156,0,153018
184,2021-11-01,X (Nov 2021),18.75,19.26,18.35,18.45,18.3999,-0.3794,69406,0,149895
185,2021-11-02,X (Nov 2021),18.45,18.66,17.81,17.9,17.8505,-0.5494,62356,297,145897
186,2021-11-03,X (Nov 2021),17.9,18.15,17.0,17.21,17.1078,-0.7427,79658,0,138296
187,2021-11-04,X (Nov 2021),17.22,17.8,16.83,17.35,17.4041,0.2963,91756,0,129653
188,2021-11-05,X (Nov 2021),17.35,18.55,17.0,18.4,18.4401,1.036,115272,0,114423
189,2021-11-08,X (Nov 2021),18.45,18.95,17.95,18.4,18.4945,0.0544,93429,0,104278
190,2021-11-09,X (Nov 2021),18.4,19.6,18.4,18.9,18.9001,0.4056,108975,0,90603
191,2021-11-10,X (Nov 2021),18.95,20.3,18.45,19.6,19.5268,0.6267,130698,0,75949
192,2021-11-11,X (Nov 2021),19.65,19.7,18.35,18.66,18.7588,-0.768,82443,0,62892
193,2021-11-12,X (Nov 2021),18.65,18.7,17.4,17.5,17.4182,-1.3406,79568,0,51736
194,2021-11-15,X (Nov 2021),17.4,17.88,16.93,17.0,17.0011,-0.4171,71747,0,36344
195,2021-11-16,X (Nov 2021),17.0,17.38,16.15,16.45,16.7991,-0.202,73852,0,20266
196,2021-11-17,X (Nov 2021),16.58,16.65,16.28,16.45,16.34,-0.4591,1069,0,18216
197,2021-11-18,Z (Dec 2021),20.3,20.75,20.0,20.52,20.4995,0.225,69365,0,172541
198,2021-11-19,Z (Dec 2021),20.5,21.1,20.2,20.7,20.7994,0.2999,87585,0,168609
199,2021-11-22,Z (Dec 2021),20.7,21.26,20.15,20.95,21.1529,0.3535,93227,0,164035
200,2021-11-23,Z (Dec 2021),21.0,21.6,20.5,20.7,20.563,-0.5899,104508,0,157873
201,2021-11-24,Z (Dec 2021),20.7,21.6,20.15,20.25,20.348,-0.215,102066,0,155049
202,2021-11-26,Z (Dec 2021),20.25,27.0,20.05,25.9,26.5412,6.1932,239590,0,172216
203,2021-11-29,Z (Dec 2021),25.75,25.8,21.4,22.55,22.2041,-4.3371,202834,2301,144166
204,2021-11-30,Z (Dec 2021),22.45,25.8,22.01,25.15,25.6865,3.4824,202333,1374,146216
205,2021-12-01,Z (Dec 2021),25.1,27.95,22.59,26.96,27.8304,2.1439,166567,0,134014
206,2021-12-02,Z (Dec 2021),26.7,27.26,25.05,25.85,25.9392,-1.8912,161371,100,132060
207,2021-12-03,Z (Dec 2021),25.8,31.5,25.35,28.6,28.7301,2.7909,218810,1696,128602
208,2021-12-06,Z (Dec 2021),28.7,28.85,25.7,25.9,25.8521,-2.878,131887,0,114089
209,2021-12-07,Z (Dec 2021),25.85,25.85,22.15,22.4,22.5437,-3.3084,123012,0,95356
210,2021-12-08,Z (Dec 2021),22.4,23.1,20.65,20.75,20.8267,-1.717,86261,0,83147
211,2021-12-09,Z (Dec 2021),20.85,22.25,20.45,21.65,21.5672,0.7405,93532,0,79837
212,2021-12-10,Z (Dec 2021),21.6,21.85,19.75,19.86,19.7975,-1.7697,85031,0,74342
213,2021-12-13,Z (Dec 2021),19.9,21.25,19.35,20.45,20.5841,0.7866,88416,0,67874
214,2021-12-14,Z (Dec 2021),20.5,22.6,20.09,21.6,21.2857,0.7016,94827,0,60912
215,2021-12-15,Z (Dec 2021),21.55,22.55,19.0,19.2,19.0758,-2.2099,96275,0,55981
216,2021-12-16,Z (Dec 2021),19.2,21.25,18.35,20.25,20.4217,1.3459,115566,0,46798
217,2021-12-17,Z (Dec 2021),20.2,22.46,20.0,20.97,21.0691,0.6474,103647,0,37957
218,2021-12-20,Z (Dec 2021),21.05,25.75,21.0,22.6,22.8089,1.7398,108419,505,31410
219,2021-12-21,Z (Dec 2021),22.65,22.65,21.0,21.15,21.0726,-1.7363,60397,0,16943
220,2021-12-22,Z (Dec 2021),21.2,21.75,20.7,21.05,20.83,-0.2426,788,0,14750
221,2021-12-23,F (Jan 2022),21.8,21.95,21.3,21.7,21.6518,-0.1489,61154,878,132678
222,2021-12-27,F (Jan 2022),21.7,21.9,20.9,21.05,21.0053,-0.6465,63941,184,128450
223,2021-12-28,F (Jan 2022),21.05,21.28,20.45,20.5,20.5305,-0.4748,73403,1535,124436
224,2021-12-29,F (Jan 2022),20.5,20.7,19.75,20.0,20.0072,-0.5233,62080,1068,118566
225,2021-12-30,F (Jan 2022),19.95,20.15,19.4,19.72,19.9439,-0.0633,62396,526,115183
226,2021-12-31,F (Jan 2022),19.75,20.2,19.5,19.65,19.6745,-0.2694,50314,0,112053
227,2022-01-03,F (Jan 2022),19.6,19.81,18.75,19.05,18.8578,-0.8167,76498,1813,110575
228,2022-01-04,F (Jan 2022),19.0,19.65,18.55,19.0,18.8692,0.0114,76641,297,105508
229,2022-01-05,F (Jan 2022),19.0,21.1,18.62,20.95,20.7745,1.9053,113743,717,99435
230,2022-01-06,F (Jan 2022),20.95,21.8,20.22,20.9,20.8496,0.0751,100872,0,91440
231,2022-01-07,F (Jan 2022),20.85,21.5,20.2,20.5,20.398,-0.4516,92971,0,77551
232,2022-01-10,F (Jan 2022),20.55,23.05,19.8,19.98,19.9034,-0.4946,136154,75,68454
233,2022-01-11,F (Jan 2022),20.05,20.85,18.9,19.05,18.954,-0.9494,106524,0,62471
234,2022-01-12,F (Jan 2022),19.0,19.2,18.15,18.7,18.5814,-0.3726,92713,0,51618
235,2022-01-13,F (Jan 2022),18.7,20.63,18.25,20.45,20.4167,1.8353,89670,0,44239
236,2022-01-14,F (Jan 2022),20.5,21.6,19.57,19.7,19.667,-0.7497,98207,0,35941
237,2022-01-18,F (Jan 2022),19.7,22.9,19.45,22.65,22.6197,2.9527,94153,0,18521
238,2022-01-19,F (Jan 2022),22.45,23.5,21.7,22.25,22.79,0.1703,1254,0,17199
239,2022-01-20,G (Feb 2022),24.0,25.88,22.4,25.45,24.9658,0.8971,120318,220,149017
240,2022-01-21,G (Feb 2022),25.5,27.6,24.9,27.4,27.3086,2.3428,217083,1223,141983
241,2022-01-24,G (Feb 2022),27.25,33.1,26.15,28.1,28.0683,0.7597,301461,0,148969
242,2022-01-25,G (Feb 2022),28.05,31.15,27.21,29.25,28.1645,0.0962,182278,0,134243
243,2022-01-26,G (Feb 2022),29.2,29.45,25.45,28.6,28.633,0.4685,162298,0,129385
244,2022-01-27,G (Feb 2022),28.4,30.7,26.45,27.97,28.8263,0.1933,141160,0,127036
245,2022-01-28,G (Feb 2022),28.0,30.1,26.55,27.1,26.8734,-1.9529,117246,0,123102
246,2022-01-31,G (Feb 2022),26.95,27.94,24.75,24.86,24.8523,-2.0211,111754,0,111441
247,2022-02-01,G (Feb 2022),24.85,25.15,22.6,22.83,22.7458,-2.1065,102397,0,102781
248,2022-02-02,G (Feb 2022),22.8,23.35,21.95,22.95,22.0259,-0.7199,104722,0,97533
249,2022-02-03,G (Feb 2022),23.05,25.85,23.03,23.9,25.7306,3.7047,144294,0,90261
250,2022-02-04,G (Feb 2022),24.1,26.1,23.32,24.35,24.2613,-1.4693,125528,0,78090
251,2022-02-07,G (Feb 2022),24.3,24.7,22.85,23.35,23.6521,-0.6092,76932,0,71080
252,2022-02-08,G (Feb 2022),23.45,23.91,22.2,22.4,22.3116,-1.3405,75944,379,62724
253,2022-02-09,G (Feb 2022),22.35,22.38,21.1,21.38,21.1561,-1.1555,74638,630,56620
254,2022-02-10,G (Feb 2022),21.35,24.95,21.25,24.2,24.2186,3.0625,116707,30,46115
255,2022-02-11,G (Feb 2022),24.2,29.7,23.7,27.05,27.814,3.5954,131665,0,37514
256,2022-02-14,G (Feb 2022),27.4,30.82,27.2,28.45,28.3374,0.5234,99259,0,29487
257,2022-02-15,G (Feb 2022),28.25,28.8,25.22,25.85,25.3833,-2.9541,74087,0,16539
258,2022-02-16,G (Feb 2022),25.8,26.3,24.65,26.28,26.37,0.9867,1050,0,15038
259,2022-02-17,H (Mar 2022),24.55,27.8,24.28,27.65,27.5683,3.096,123784,0,141732
260,2022-02-18,H (Mar 2022),27.6,28.85,26.25,28.25,28.1482,0.5799,106504,0,137933
261,2022-02-22,H (Mar 2022),28.35,30.3,26.75,27.9,27.9601,-0.1881,142176,0,132927
262,2022-02-23,H (Mar 2022),27.82,29.82,26.68,29.75,29.6693,1.7092,106590,0,128101
263,2022-02-24,H (Mar 2022),29.8,34.05,28.44,28.96,28.5487,-1.1206,162778,913,123842
264,2022-02-25,H (Mar 2022),28.79,30.44,26.82,27.35,27.2572,-1.2915,109594,0,109415
265,2022-02-28,H (Mar 2022),29.5,31.1,28.04,28.64,28.6169,1.3597,126566,0,108857
266,2022-03-01,H (Mar 2022),28.7,32.61,28.13,31.5,32.1241,3.5072,112316,199,104666
267,2022-03-02,H (Mar 2022),31.75,32.85,29.35,29.95,29.6145,-2.5096,92196,0,97084
268,2022-03-03,H (Mar 2022),29.92,30.9,28.8,29.75,29.9057,0.2912,80310,0,90986
269,2022-03-04,H (Mar 2022),29.75,33.2,29.7,31.9,31.5274,1.6217,106689,0,87715
270,2022-03-07,H (Mar 2022),32.85,34.94,31.4,34.71,34.8105,3.2831,93572,312,78322
271,2022-03-08,H (Mar 2022),34.8,36.5,32.04,34.15,33.9186,-0.8919,111610,723,64003
272,2022-03-09,H (Mar 2022),34.2,34.35,31.05,31.8,32.1193,-1.7993,68250,0,53501
273,2022-03-10,H (Mar 2022),31.8,33.43,30.15,30.25,30.4155,-1.7038,71382,0,46141
274,2022-03-11,H (Mar 2022),30.4,31.1,28.45,31.0,31.0024,0.5869,74322,0,33036
275,2022-03-14,H (Mar 2022),30.5,32.9,29.59,31.5,31.8036,0.8012,52728,100,25322
276,2022-03-15,H (Mar 2022),31.62,33.4,31.2,31.85,32.28,0.4764,3276,0,19833
277,2022-03-17,J (Apr 2022),27.3,28.1,26.68,27.49,27.1143,-0.4268,78920,0,130598
278,2022-03-18,J (Apr 2022),27.5,27.95,25.5,25.6,25.6406,-1.4737,74498,0,125594
279,2022-03-21,J (Apr 2022),25.7,26.45,24.78,25.4,25.482,-0.1586,74297,0,122255
280,2022-03-22,J (Apr 2022),25.4,25.95,24.7,24.9,24.9989,-0.4831,59401,0,121757
281,2022-03-23,J (Apr 2022),25.0,25.8,24.8,25.1,24.8925,-0.1064,74427,147,118612
282,2022-03-24,J (Apr 2022),25.15,25.2,24.05,24.25,24.2654,-0.6271,64302,0,119345
283,2022-03-25,J (Apr 2022),24.25,24.71,23.4,23.6,23.4552,-0.8102,74844,265,118054
284,2022-03-28,J (Apr 2022),23.55,24.8,22.9,22.95,22.9946,-0.4606,75086,0,115261
285,2022-03-29,J (Apr 2022),23.04,23.15,21.55,21.85,21.7532,-1.2414,76223,0,118255
286,2022-03-30,J (Apr 2022),21.85,22.85,21.54,21.99,22.07,0.3168,69188,0,117104
287,2022-03-31,J (Apr 2022),22.0,23.6,21.75,23.1,23.469,1.399,73859,0,110852
288,2022-04-01,J (Apr 2022),23.15,23.5,22.25,22.48,22.3324,-1.1366,71733,0,108390
289,2022-04-04,J (Apr 2022),22.5,22.6,20.9,21.1,20.9619,-1.3705,56661,0,105984
290,2022-04-05,J (Apr 2022),21.1,23.31,20.93,22.85,23.2559,2.294,77233,0,97099
291,2022-04-06,J (Apr 2022),22.8,25.6,22.75,24.05,23.7022,0.4463,97151,0,89662
292,2022-04-07,J (Apr 2022),24.0,24.45,22.64,23.1,22.9769,-0.7253,74201,0,81168
293,2022-04-08,J (Apr 2022),23.1,23.7,22.0,22.9,22.8475,-0.1294,60549,0,73147
294,2022-04-11,J (Apr 2022),22.75,24.86,22.66,24.73,24.7042,1.8567,74357,100,63293
295,2022-04-12,J (Apr 2022),24.75,25.55,23.3,24.9,25.0641,0.3599,78569,0,54074
296,2022-04-13,J (Apr 2022),24.9,25.0,22.5,22.88,22.6858,-2.3783,72753,0,48842
297,2022-04-14,J (Apr 2022),22.9,23.65,21.95,23.61,23.4211,0.7353,68021,670,40373
298,2022-04-18,J (Apr 2022),23.5,24.36,22.5,22.65,22.9518,-0.4693,48582,0,31641
299,2022-04-19,J (Apr 2022),22.65,23.15,20.7,21.6,21.1489,-1.8029,55558,0,19137
300,2022-04-20,J (Apr 2022),21.8,22.1,20.1,20.25,20.3,-0.8489,888,0,18599
301,2022-04-21,K (May 2022),22.95,25.18,22.46,24.9,24.6907,1.6988,113393,0,161221
302,2022-04-22,K (May 2022),24.79,28.55,24.45,28.25,27.9879,3.2972,159045,0,153727
303,2022-04-25,K (May 2022),28.05,29.65,27.03,27.09,27.2576,-0.7303,175024,0,140263
304,2022-04-26,K (May 2022),27.1,31.2,26.83,31.1,30.3018,3.0442,131356,0,137018
305,2022-04-27,K (May 2022),30.95,31.0,28.95,29.85,30.8249,0.5231,127707,336,132611
306,2022-04-28,K (May 2022),29.85,30.1,27.7,29.15,29.2407,-1.5842,115326,0,124067
307,2022-04-29,K (May 2022),29.5,31.8,28.6,31.3,31.6487,2.408,118529,0,127178
308,2022-05-02,K (May 2022),31.2,33.45,30.7,30.85,30.9477,-0.701,127654,0,118623
309,2022-05-03,K (May 2022),30.6,31.35,28.55,28.77,28.8864,-2.0613,107525,984,109068
310,2022-05-04,K (May 2022),28.8,28.95,25.6,26.05,25.762,-3.1244,113593,0,97961
311,2022-05-05,K (May 2022),26.05,32.1,25.95,30.95,31.3271,5.5651,144226,0,93655
312,2022-05-06,K (May 2022),31.05,33.88,30.5,30.8,30.8118,-0.5153,142527,0,90335
313,2022-05-09,K (May 2022),31.15,34.29,31.1,34.05,33.8168,3.005,106310,120,81054
314,2022-05-10,K (May 2022),34.05,34.9,31.64,32.5,32.254,-1.5628,87702,90,72143
315,2022-05-11,K (May 2022),32.35,33.75,30.4,31.6,32.1627,-0.0913,103956,54,57991
316,2022-05-12,K (May 2022),31.5,33.48,31.0,31.5,31.2544,-0.9083,90101,0,52549
317,2022-05-13,K (May 2022),31.6,31.6,28.75,29.0,28.8191,-2.4353,67155,54,41910
318,2022-05-16,K (May 2022),28.8,29.55,27.35,27.85,27.5856,-1.2335,59155,0,34155
319,2022-05-17,K (May 2022),27.6,27.75,25.75,26.45,26.5988,-0.9868,53271,598,22524
320,2022-05-18,K (May 2022),26.7,27.2,26.3,27.1,27.68,1.0812,1037,0,21668
321,2022-05-19,M (Jun 2022),31.55,32.95,29.07,29.15,29.286,-2.2335,150386,110,128906
322,2022-05-20,M (Jun 2022),29.15,31.7,28.05,29.5,29.4224,0.1364,125711,0,123105
323,2022-05-23,M (Jun 2022),29.35,29.95,28.5,28.85,29.0797,-0.3427,79115,0,120019
324,2022-05-24,M (Jun 2022),29.15,30.55,28.94,29.24,29.1855,0.1058,93976,0,114185
325,2022-05-25,M (Jun 2022),29.15,30.0,28.15,28.5,28.4859,-0.6996,71965,0,114654
326,2022-05-26,M (Jun 2022),28.5,28.65,27.75,28.21,28.0636,-0.4223,69409,0,111667
327,2022-05-27,M (Jun 2022),28.25,28.4,26.75,26.8,26.8678,-1.1958,69676,0,109444
328,2022-05-31,M (Jun 2022),26.7,28.25,26.2,26.42,26.4123,-0.4555,100399,0,98252
329,2022-06-01,M (Jun 2022),26.45,27.86,25.75,26.25,26.1937,-0.2186,90632,0,93019
330,2022-06-02,M (Jun 2022),26.3,26.55,25.1,25.6,25.6001,-0.5936,66387,0,89313
331,2022-06-03,M (Jun 2022),25.5,26.7,25.43,26.03,25.9627,0.3626,73232,0,85281
332,2022-06-06,M (Jun 2022),26.0,26.16,25.15,25.65,25.5854,-0.3773,61812,25,79175
333,2022-06-07,M (Jun 2022),25.6,26.45,24.64,24.85,24.6805,-0.9049,67154,35,72346
334,2022-06-08,M (Jun 2022),24.85,25.4,24.5,24.77,24.6993,0.0188,61986,0,63906
335,2022-06-09,M (Jun 2022),24.75,26.51,24.39,26.27,26.4245,1.7252,69182,0,56224
336,2022-06-10,M (Jun 2022),26.35,29.35,26.15,28.15,28.2892,1.8647,96287,100,49665
337,2022-06-13,M (Jun 2022),28.35,33.95,28.35,33.39,33.4687,5.1795,92345,0,36213
338,2022-06-14,M (Jun 2022),33.3,33.55,32.0,33.0,32.5815,-0.8872,62670,0,22758
339,2022-06-15,M (Jun 2022),32.9,33.1,32.2,32.25,31.0,-1.5815,1165,0,21901
340,2022-06-16,N (Jul 2022),29.7,32.75,29.15,32.05,31.9206,1.89,119926,0,139880
341,2022-06-17,N (Jul 2022),32.0,32.25,30.55,30.9,30.902,-1.0186,86139,0,126698
342,2022-06-21,N (Jul 2022),30.75,32.1,29.15,30.05,30.3228,-0.5792,98104,0,124030
343,2022-06-22,N (Jul 2022),30.1,31.4,28.9,29.15,29.0105,-1.3123,92960,0,119358
344,2022-06-23,N (Jul 2022),29.15,29.8,28.65,29.2,29.0073,-0.0032,77289,0,118057
345,2022-06-24,N (Jul 2022),29.1,29.2,28.0,28.35,28.4774,-0.5299,70533,0,115796
346,2022-06-27,N (Jul 2022),28.29,28.81,27.35,27.4,27.4118,-1.0656,71956,0,110641
347,2022-06-28,N (Jul 2022),27.45,28.6,26.87,28.49,28.3331,0.9213,72145,0,105908
348,2022-06-29,N (Jul 2022),28.55,29.15,28.0,28.08,28.3335,0.0004,59543,0,105890
349,2022-06-30,N (Jul 2022),28.1,29.95,28.0,28.83,28.5623,0.2288,90757,0,101775
350,2022-07-01,N (Jul 2022),28.8,29.65,27.55,27.8,27.689,-0.8733,83790,0,98419
351,2022-07-05,N (Jul 2022),27.8,29.75,27.5,27.85,27.7261,0.0371,93825,50,90482
352,2022-07-06,N (Jul 2022),27.82,28.4,26.95,27.27,27.1987,-0.5274,62358,0,87249
353,2022-07-07,N (Jul 2022),27.2,27.55,26.4,26.9,26.85,-0.3487,62972,0,83766
354,2022-07-08,N (Jul 2022),26.85,27.3,25.79,26.05,26.049,-0.801,76409,0,78666
355,2022-07-11,N (Jul 2022),26.0,27.27,26.0,27.1,27.186,1.137,62784,0,70998
356,2022-07-12,N (Jul 2022),27.1,27.86,26.32,27.4,27.3879,0.2019,62823,0,63760
357,2022-07-13,N (Jul 2022),27.4,28.8,26.5,27.26,26.8636,-0.5243,81834,0,55261
358,2022-07-14,N (Jul 2022),27.25,28.65,26.83,26.9,26.8663,0.0027,76371,0,49324
359,2022-07-15,N (Jul 2022),26.9,27.3,25.1,25.35,25.2066,-1.6597,62282,0,43201
360,2022-07-18,N (Jul 2022),25.2,26.13,24.77,25.6,25.7016,0.495,57566,0,36414
361,2022-07-19,N (Jul 2022),25.55,25.65,24.33,24.6,24.83,-0.8716,52461,0,26977
362,2022-07-20,N (Jul 2022),24.7,24.85,24.0,24.5,24.37,-0.46,1373,0,26745
363,2022-07-21,Q (Aug 2022),26.45,26.75,25.69,25.88,25.7437,-0.5247,75442,0,158001
364,2022-07-22,Q (Aug 2022),25.95,26.4,25.4,25.58,25.5044,-0.2393,85664,0,152305
365,2022-07-25,Q (Aug 2022),25.6,25.95,25.0,25.4,25.2141,-0.2903,76309,0,148938
366,2022-07-26,Q (Aug 2022),25.45,26.35,25.3,25.7,25.9513,0.7372,86202,0,142484
367,2022-07-27,Q (Aug 2022),25.7,25.71,24.45,25.0,25.0001,-0.9512,84921,0,140474
368,2022-07-28,Q (Aug 2022),25.05,25.15,23.45,23.49,23.667,-1.3331,96085,0,133452
369,2022-07-29,Q (Aug 2022),23.45,23.9,23.3,23.41,23.4158,-0.2512,82583,0,132201
370,2022-08-01,Q (Aug 2022),23.35,24.4,23.35,24.18,24.2144,0.7986,80566,0,125798
371,2022-08-02,Q (Aug 2022),24.2,25.25,23.65,24.63,24.6115,0.3971,98042,0,115902
372,2022-08-03,Q (Aug 2022),24.55,24.78,23.0,23.2,23.1634,-1.4481,75359,0,110630
373,2022-08-04,Q (Aug 2022),23.25,24.0,23.1,23.21,23.2001,0.0367,74030,0,106546
374,2022-08-05,Q (Aug 2022),23.2,24.0,22.35,22.6,22.4476,-0.7525,87123,0,100216
375,2022-08-08,Q (Aug 2022),22.55,23.15,21.85,22.65,22.6589,0.2113,81341,0,90710
376,2022-08-09,Q (Aug 2022),22.6,23.3,22.55,22.85,22.989,0.3301,70643,0,83487
377,2022-08-10,Q (Aug 2022),22.9,23.1,21.2,21.45,21.3507,-1.6383,92556,0,71280
378,2022-08-11,Q (Aug 2022),21.45,22.17,21.1,21.45,21.4995,0.1488,77421,0,61494
379,2022-08-12,Q (Aug 2022),21.4,21.65,20.55,21.15,21.1867,-0.3128,64684,0,51287
380,2022-08-15,Q (Aug 2022),21.35,21.63,20.35,20.5,20.426,-0.7607,60573,0,40511
381,2022-08-16,Q (Aug 2022),20.55,20.8,19.95,20.0,20.0006,-0.4254,58139,0,25786
382,2022-08-17,Q (Aug 2022),20.0,20.75,19.8,20.5,20.11,0.1094,1261,0,25194
383,2022-08-18,U (Sep 2022),23.33,23.65,22.9,23.0,22.9999,-0.2814,59282,0,201084
384,2022-08-19,U (Sep 2022),23.05,24.6,23.0,24.2,24.1028,1.1029,89674,0,197152
385,2022-08-22,U (Sep 2022),24.25,25.91,24.25,25.66,25.8208,1.718,102658,180,188994
386,2022-08-23,U (Sep 2022),25.65,26.1,24.88,25.42,25.3302,-0.4906,81763,0,179042
387,2022-08-24,U (Sep 2022),25.4,25.7,24.2,24.3,24.3501,-0.9801,74425,0,173748
388,2022-08-25,U (Sep 2022),24.2,24.45,23.45,23.62,23.5977,-0.7524,77604,0,167887
389,2022-08-26,U (Sep 2022),23.7,26.31,23.45,26.2,26.1802,2.5825,116212,0,157130
390,2022-08-29,U (Sep 2022),26.45,27.15,25.7,26.27,26.0278,-0.1524,108774,108,145318
391,2022-08-30,U (Sep 2022),26.15,27.0,25.35,26.26,26.4608,0.433,107595,110,138284
392,2022-08-31,U (Sep 2022),26.3,26.48,25.41,25.83,25.7939,-0.6669,91087,0,128231
393,2022-09-01,U (Sep 2022),25.9,27.2,25.5,25.71,25.6212,-0.1727,101736,0,117158
394,2022-09-02,U (Sep 2022),25.7,26.45,24.25,25.65,25.9363,0.3151,123594,90,109276
395,2022-09-06,U (Sep 2022),25.65,27.0,24.9,26.75,26.7579,0.8216,108747,0,104100
396,2022-09-07,U (Sep 2022),26.7,27.2,24.8,25.0,24.8966,-1.8613,84795,0,96849
397,2022-09-08,U (Sep 2022),24.95,25.71,24.2,24.2,24.3161,-0.5805,71797,0,93352
398,2022-09-09,U (Sep 2022),24.25,24.33,23.55,23.85,23.9496,-0.3665,57781,40,90979
399,2022-09-12,U (Sep 2022),23.75,24.31,23.1,23.83,23.9193,-0.0303,72775,0,85671
400,2022-09-13,U (Sep 2022),23.8,27.2,23.41,26.75,26.745,2.8257,139092,0,76347
401,2022-09-14,U (Sep 2022),26.7,27.11,26.0,26.03,26.4161,-0.3289,95568,65,59217
402,2022-09-15,U (Sep 2022),26.1,26.7,25.4,26.58,26.3637,-0.0524,74255,0,48220
403,2022-09-16,U (Sep 2022),26.65,28.3,26.15,26.15,26.2206,-0.1431,83623,0,39792
404,2022-09-19,U (Sep 2022),26.25,27.3,25.5,25.65,25.7761,-0.4445,57709,610,27239
405,2022-09-20,U (Sep 2022),25.7,27.66,25.48,26.9,26.9999,1.2238,54553,0,18221
406,2022-09-21,U (Sep 2022),27.1,27.7,26.8,26.9,26.65,-0.3499,1358,0,17457
407,2022-09-22,V (Oct 2022),28.4,28.75,27.5,27.9,28.0956,-0.1012,107181,0,154071
408,2022-09-23,V (Oct 2022),27.8,31.21,27.8,30.15,29.8592,1.7636,167657,0,152606
409,2022-09-26,V (Oct 2022),30.1,31.2,29.25,30.95,30.9247,1.0655,139798,1023,143364
410,2022-09-27,V (Oct 2022),30.85,32.2,29.75,31.05,31.383,0.4583,110780,0,139251
411,2022-09-28,V (Oct 2022),31.05,32.71,29.5,29.95,29.8919,-1.4911,114739,0,129946
412,2022-09-29,V (Oct 2022),29.85,32.3,29.69,30.96,30.9432,1.0513,119292,0,124630
413,2022-09-30,V (Oct 2022),30.95,31.6,29.83,31.32,31.516,0.5728,104879,0,119361
414,2022-10-03,V (Oct 2022),31.65,32.2,29.35,29.89,29.9893,-1.5267,90018,0,113748
415,2022-10-04,V (Oct 2022),29.9,30.2,28.5,28.85,28.7999,-1.1894,90063,0,105117
416,2022-10-05,V (Oct 2022),28.8,30.05,28.6,28.81,28.9643,0.1644,84072,288,98733
417,2022-10-06,V (Oct 2022),28.89,30.06,28.15,30.0,29.9193,0.955,77006,0,92130
418,2022-10-07,V (Oct 2022),30.0,31.7,29.55,31.6,31.1984,1.2791,84022,0,88293
419,2022-10-10,V (Oct 2022),31.6,33.11,31.3,32.0,32.1078,0.9094,85526,0,83369
420,2022-10-11,V (Oct 2022),32.0,33.24,31.5,32.5,32.754,0.6462,75924,0,74941
421,2022-10-12,V (Oct 2022),32.45,32.76,31.8,32.2,32.1735,-0.5805,69121,0,65142
422,2022-10-13,V (Oct 2022),32.1,33.27,30.75,30.85,31.0521,-1.1214,117985,2375,60746
423,2022-10-14,V (Oct 2022),30.8,32.7,30.15,31.9,31.9297,0.8776,81655,95,49540
424,2022-10-17,V (Oct 2022),32.0,32.05,30.25,31.15,31.1798,-0.7499,62794,0,33021
425,2022-10-18,V (Oct 2022),31.05,31.65,30.5,30.63,30.8564,-0.3234,56785,0,20923
426,2022-10-19,V (Oct 2022),30.7,31.6,30.5,31.4,31.77,0.9136,1216,0,19354
427,2022-10-20,X (Nov 2022),30.45,30.89,29.4,30.05,29.9629,-0.4349,98745,24,137350
428,2022-10-21,X (Nov 2022),30.05,30.36,29.25,29.7,29.9854,0.0225,92053,0,135692
429,2022-10-24,X (Nov 2022),29.65,30.35,29.25,29.54,29.3523,-0.6331,72300,0,132261
430,2022-10-25,X (Nov 2022),29.55,29.7,28.1,28.4,28.1854,-1.1669,78398,200,132020
431,2022-10-26,X (Nov 2022),28.45,28.9,27.35,27.37,27.4876,-0.6978,84341,210,128985
432,2022-10-27,X (Nov 2022),27.45,27.91,26.75,27.4,26.9184,-0.5692,76505,173,125309
433,2022-10-28,X (Nov 2022),27.4,27.65,26.0,26.15,26.2602,-0.6582,74887,97,122168
434,2022-10-31,X (Nov 2022),26.15,26.75,25.75,26.01,25.8753,-0.3849,72496,40,119483
435,2022-11-01,X (Nov 2022),25.92,26.15,25.51,25.8,25.634,-0.2413,68531,0,116695
436,2022-11-02,X (Nov 2022),25.8,26.7,25.43,26.3,26.4475,0.8135,99291,0,111900
437,2022-11-03,X (Nov 2022),26.45,27.28,25.55,25.8,25.6701,-0.7774,80009,48,106709
438,2022-11-04,X (Nov 2022),25.75,26.3,24.65,25.5,25.5286,-0.1415,97958,100,100282
439,2022-11-07,X (Nov 2022),26.0,26.0,24.9,25.25,25.1559,-0.3727,59361,72,90856
440,2022-11-08,X (Nov 2022),25.15,26.41,24.9,26.1,26.1017,0.9458,72200,90,78582
441,2022-11-09,X (Nov 2022),26.15,27.15,26.0,26.95,26.857,0.7553,76511,0,68924
442,2022-11-10,X (Nov 2022),26.85,26.95,24.23,24.76,24.6297,-2.2273,87372,0,64807
443,2022-11-11,X (Nov 2022),24.75,25.21,23.83,24.05,23.95,-0.6797,63880,0,55197
444,2022-11-14,X (Nov 2022),24.05,24.4,23.27,24.08,24.237,0.287,69800,0,37886
445,2022-11-15,X (Nov 2022),24.05,26.05,23.38,25.05,24.584,0.347,68998,0,24319
446,2022-11-16,X (Nov 2022),24.7,25.6,23.85,24.4,24.93,0.346,1113,0,23412
447,2022-11-17,Z (Dec 2022),25.15,25.75,24.7,24.78,24.7666,-0.2876,62881,0,160323
448,2022-11-18,Z (Dec 2022),24.75,25.1,24.45,24.5,24.515,-0.2516,52547,0,158505
449,2022-11-21,Z (Dec 2022),24.45,24.8,23.75,23.84,23.8139,-0.7011,52781,0,157036
450,2022-11-22,Z (Dec 2022),23.83,23.95,22.9,22.95,22.9505,-0.8634,52038,0,157354
451,2022-11-23,Z (Dec 2022),22.95,23.15,22.35,22.5,22.4026,-0.5479,60902,0,152914
452,2022-11-25,Z (Dec 2022),22.5,22.8,22.35,22.6,22.4869,0.0843,36564,0,152995
453,2022-11-28,Z (Dec 2022),22.6,23.65,22.55,23.45,23.4033,0.9164,63052,180,148103
454,2022-11-29,Z (Dec 2022),23.48,23.6,22.95,23.13,23.0397,-0.3636,60545,0,147314
455,2022-11-30,Z (Dec 2022),23.1,23.55,21.9,21.9,22.122,-0.9177,84334,150,142859
456,2022-12-01,Z (Dec 2022),22.05,22.61,21.55,21.73,21.5747,-0.5473,76982,0,139674
457,2022-12-02,Z (Dec 2022),21.65,22.45,21.05,21.25,21.2041,-0.3706,82920,277,133219
458,2022-12-05,Z (Dec 2022),21.3,22.2,21.1,21.66,21.6851,0.481,84302,0,126551
459,2022-12-06,Z (Dec 2022),21.67,22.73,21.25,22.47,22.4502,0.7651,71458,0,119527
460,2022-12-07,Z (Dec 2022),22.48,23.2,22.3,22.85,22.8621,0.4119,68728,0,114468
461,2022-12-08,Z (Dec 2022),22.9,23.16,22.23,22.45,22.3978,-0.4643,53036,0,108690
462,2022-12-09,Z (Dec 2022),22.46,23.25,22.15,23.25,23.1016,0.7038,65191,0,102371
463,2022-12-12,Z (Dec 2022),23.2,23.4,22.8,23.19,23.1023,0.0007,71714,0,93716
464,2022-12-13,Z (Dec 2022),23.17,23.46,21.2,21.75,21.6885,-1.4138,89771,0,90360
465,2022-12-14,Z (Dec 2022),21.8,22.05,20.45,20.6,20.6262,-1.0623,92572,0,79444
466,2022-12-15,Z (Dec 2022),20.57,23.15,20.5,22.4,22.3075,1.6813,96481,1100,65568
467,2022-12-16,Z (Dec 2022),22.45,23.25,21.93,22.56,22.4507,0.1432,77969,0,47238
468,2022-12-19,Z (Dec 2022),22.6,22.63,21.45,22.3,22.147,-0.3037,56230,0,39037
469,2022-12-20,Z (Dec 2022),22.25,23.1,21.25,21.49,21.4848,-0.6622,55824,0,30820
470,2022-12-21,Z (Dec 2022),21.5,21.5,20.55,20.55,20.25,-1.2348,1397,0,25977
471,2022-12-22,F (Jan 2023),22.95,25.4,22.75,24.34,24.2555,1.2424,123788,121,154262
472,2022-12-23,F (Jan 2023),24.35,24.5,23.35,23.6,23.6302,-0.6253,72324,269,148900
473,2022-12-27,F (Jan 2023),23.6,24.1,23.2,23.4,23.4524,-0.1778,63271,0,143406
474,2022-12-28,F (Jan 2023),23.45,23.65,22.85,23.51,23.5481,0.0957,62569,21,138336
475,2022-12-29,F (Jan 2023),23.55,23.6,22.85,23.15,23.2091,-0.339,48636,0,131831
476,2022-12-30,F (Jan 2023),23.15,23.71,23.05,23.15,23.0981,-0.111,59852,0,127347
477,2023-01-03,F (Jan 2023),23.0,23.95,22.6,23.07,23.0514,-0.0467,83675,0,116347
478,2023-01-04,F (Jan 2023),23.3,23.3,22.38,22.6,22.401,-0.6504,75984,0,112296
479,2023-01-05,F (Jan 2023),22.6,23.2,22.32,22.71,22.6516,0.2506,76784,0,103625
480,2023-01-06,F (Jan 2023),22.7,22.81,21.8,22.16,22.1957,-0.4559,82239,0,94065
481,2023-01-09,F (Jan 2023),22.16,22.62,21.78,22.42,22.2669,0.0712,73354,0,84003
482,2023-01-10,F (Jan 2023),22.4,22.73,21.0,21.15,21.0949,-1.172,80806,25,71026
483,2023-01-11,F (Jan 2023),21.15,21.45,21.0,21.25,21.2004,0.1055,64803,0,61546
484,2023-01-12,F (Jan 2023),21.25,21.62,19.79,19.95,19.82,-1.3804,93847,0,59795
485,2023-01-13,F (Jan 2023),19.9,20.2,19.13,19.35,19.4988,-0.3212,74712,0,53668
486,2023-01-17,F (Jan 2023),19.45,20.1,19.25,19.6,19.3155,-0.1833,82094,0,29990
487,2023-01-18,F (Jan 2023),19.55,19.7,18.95,19.09,19.09,-0.2255,958,0,22982
488,2023-01-19,G (Feb 2023),21.65,22.55,21.45,21.61,21.7451,0.0577,84423,0,152097
489,2023-01-20,G (Feb 2023),21.65,21.85,20.85,21.01,21.086,-0.6591,74871,0,150376
490,2023-01-23,G (Feb 2023),21.0,21.15,20.65,20.78,20.7548,-0.3312,71974,0,146614
491,2023-01-24,G (Feb 2023),20.75,21.05,19.85,20.0,19.9502,-0.8046,87757,0,140845
492,2023-01-25,G (Feb 2023),20.0,21.4,19.85,20.0,19.9583,0.0081,105422,0,139210
493,2023-01-26,G (Feb 2023),20.05,20.23,19.59,19.75,19.6703,-0.288,71404,0,136577
494,2023-01-27,G (Feb 2023),19.7,19.86,18.95,19.5,19.3177,-0.3526,84596,0,135418
495,2023-01-30,G (Feb 2023),19.45,20.41,19.4,20.1,20.0481,0.7304,86138,0,130070
496,2023-01-31,G (Feb 2023),20.0,20.62,19.3,19.45,19.5257,-0.5224,78530,0,124812
497,2023-02-01,G (Feb 2023),19.45,20.05,18.5,18.75,18.7506,-0.7751,107659,0,120441
498,2023-02-02,G (Feb 2023),18.75,19.9,18.1,19.6,19.2989,0.5483,126626,0,115059
499,2023-02-03,G (Feb 2023),19.55,20.3,19.18,19.35,19.3373,0.0384,113057,0,106609
500,2023-02-06,G (Feb 2023),19.4,20.2,19.38,19.95,20.0124,0.6751,94088,0,88724
501,2023-02-07,G (Feb 2023),19.98,20.4,19.09,19.49,19.2146,-0.7978,105879,190,81607
502,2023-02-08,G (Feb 2023),19.45,20.55,19.15,20.1,20.0524,0.8378,101124,0,70513
503,2023-02-09,G (Feb 2023),20.1,20.9,19.35,20.67,20.8103,0.7579,92826,0,60492
504,2023-02-10,G (Feb 2023),20.7,21.7,20.69,20.8,20.9304,0.1201,98520,275,50881
505,2023-02-13,G (Feb 2023),20.75,21.25,19.8,19.86,19.9144,-1.016,66195,0,40203
506,2023-02-14,G (Feb 2023),19.9,20.05,18.55,18.95,18.6489,-1.2655,83001,0,28930
507,2023-02-15,G (Feb 2023),18.95,19.3,18.7,18.9,18.69,0.0411,1191,0,26248
508,2023-02-16,H (Mar 2023),20.11,21.26,19.91,21.2,21.1605,1.1082,119249,0,164384
509,2023-02-17,H (Mar 2023),21.21,22.06,21.15,21.4,21.2482,0.0877,86203,0,157884
510,2023-02-21,H (Mar 2023),21.5,23.1,21.3,23.0,22.9011,1.6529,112119,0,153353
511,2023-02-22,H (Mar 2023),23.0,23.26,22.05,22.05,22.2109,-0.6902,102505,434,143011
512,2023-02-23,H (Mar 2023),22.05,22.45,21.2,21.34,21.3726,-0.8383,79955,0,143848
513,2023-02-24,H (Mar 2023),21.35,22.87,21.3,22.25,22.1873,0.8147,108379,0,138460
514,2023-02-27,H (Mar 2023),22.25,22.25,21.05,21.28,21.3317,-0.8556,82024,0,137496
515,2023-02-28,H (Mar 2023),21.23,21.6,20.55,20.95,20.7757,-0.556,75379,0,134572
516,2023-03-01,H (Mar 2023),21.0,21.6,20.6,20.96,21.0322,0.2565,78527,0,130705
517,2023-03-02,H (Mar 2023),21.02,21.7,20.15,20.27,20.2009,-0.8313,77814,0,127537
518,2023-03-03,H (Mar 2023),20.3,20.45,19.4,19.4,19.4984,-0.7025,68726,0,127241
519,2023-03-06,H (Mar 2023),19.45,19.65,19.05,19.2,19.2202,-0.2782,65067,0,126833
520,2023-03-07,H (Mar 2023),19.2,19.95,18.85,19.78,19.7516,0.5314,87223,53,124081
521,2023-03-08,H (Mar 2023),19.76,20.0,19.2,19.27,19.3052,-0.4464,66018,56,120248
522,2023-03-09,H (Mar 2023),19.25,22.0,18.9,21.86,21.7964,2.4912,128401,0,117032
523,2023-03-10,H (Mar 2023),21.8,27.0,21.15,23.85,24.1808,2.3844,258562,0,103226
524,2023-03-13,H (Mar 2023),23.95,28.4,22.4,25.1,25.3724,1.1916,204022,864,91311
525,2023-03-14,H (Mar 2023),25.25,25.65,22.2,23.58,23.7017,-1.6707,155485,855,81246
526,2023-03-15,H (Mar 2023),23.6,28.55,23.02,25.85,25.8129,2.1112,182630,180,76752
527,2023-03-16,H (Mar 2023),25.9,26.93,22.95,23.23,23.0155,-2.7974,102813,1301,61049
528,2023-03-17,H (Mar 2023),23.3,26.2,22.61,25.8,25.6342,2.6187,94840,245,50177
529,2023-03-20,H (Mar 2023),25.8,28.05,23.9,24.17,24.1683,-1.4659,65922,0,40117
530,2023-03-21,H (Mar 2023),24.2,24.29,21.15,21.44,21.5908,-2.5775,67680,0,25670
531,2023-03-22,H (Mar 2023),21.6,22.1,21.2,21.2,20.68,-0.9108,766,0,25067
532,2023-03-23,J (Apr 2023),23.5,24.65,22.0,23.93,24.2236,0.7236,132921,0,140161
533,2023-03-24,J (Apr 2023),23.85,26.25,23.16,23.35,23.2241,-0.9995,138091,0,130045
534,2023-03-27,J (Apr 2023),23.25,23.9,22.15,22.24,22.2674,-0.9567,82750,0,123540
535,2023-03-28,J (Apr 2023),22.15,22.6,21.6,21.7,21.6995,-0.5679,80142,0,120841
536,2023-03-29,J (Apr 2023),21.7,21.7,20.75,20.89,20.9309,-0.7686,68182,0,121297
537,2023-03-30,J (Apr 2023),20.95,21.7,20.6,20.95,20.8277,-0.1032,75509,0,121031
538,2023-03-31,J (Apr 2023),20.95,21.25,20.4,20.75,20.7642,-0.0635,73451,102,122889
539,2023-04-03,J (Apr 2023),21.1,21.4,20.2,20.31,20.2095,-0.5547,69159,56,119687
540,2023-04-04,J (Apr 2023),20.3,21.3,20.05,20.6,20.5997,0.3902,82921,0,117748
541,2023-04-05,J (Apr 2023),20.6,21.25,20.35,20.54,20.4184,-0.1813,61560,72,110966
542,2023-04-06,J (Apr 2023),20.55,20.87,19.78,20.05,19.9781,-0.4403,62532,0,107431
543,2023-04-10,J (Apr 2023),20.05,20.45,19.7,19.83,19.804,-0.1741,57883,68,96642
544,2023-04-11,J (Apr 2023),19.85,19.95,19.32,19.8,19.7666,-0.0374,56305,0,89483
545,2023-04-12,J (Apr 2023),19.75,20.2,19.05,20.03,19.9518,0.1852,81109,0,76681
546,2023-04-13,J (Apr 2023),20.05,20.12,18.7,18.87,18.7342,-1.2176,75928,0,74067
547,2023-04-14,J (Apr 2023),18.9,19.05,18.16,18.2,18.3523,-0.3819,69638,0,65631
548,2023-04-17,J (Apr 2023),18.15,18.3,17.4,17.5,17.416,-0.9363,65122,0,54447
549,2023-04-18,J (Apr 2023),17.45,17.63,16.88,17.05,17.0513,-0.3647,50327,0,44912
550,2023-04-19,J (Apr 2023),17.15,17.65,16.8,17.35,16.75,-0.3013,1336,0,43591
551,2023-04-20,K (May 2023),19.55,20.0,19.3,19.83,19.8376,0.4369,67324,0,178300
552,2023-04-21,K (May 2023),19.8,20.05,19.35,19.45,19.4083,-0.4293,76857,0,177780
553,2023-04-24,K (May 2023),19.45,19.85,19.25,19.3,19.3262,-0.0821,59274,0,175105
554,2023-04-25,K (May 2023),19.35,21.2,19.28,20.65,21.0194,1.6932,124218,538,163504
555,2023-04-26,K (May 2023),20.6,21.13,19.8,20.3,20.4248,-0.5946,110352,55,157530
556,2023-04-27,K (May 2023),20.35,20.38,19.15,19.3,19.4461,-0.9787,83145,21,155973
557,2023-04-28,K (May 2023),19.35,19.87,18.4,18.45,18.4361,-1.01,88271,600,157686
558,2023-05-01,K (May 2023),18.5,18.65,17.65,18.65,18.1693,-0.2668,89673,0,152672
559,2023-05-02,K (May 2023),18.6,20.8,18.55,19.34,19.3402,1.1709,157592,0,142166
560,2023-05-03,K (May 2023),19.35,20.6,18.78,20.41,19.9541,0.6139,100647,0,136398
561,2023-05-04,K (May 2023),20.65,22.1,19.8,21.2,21.1905,1.2364,161231,60,128905
562,2023-05-05,K (May 2023),21.15,21.15,19.05,19.4,19.2868,-1.9037,96477,25,122559
563,2023-05-08,K (May 2023),19.4,19.46,18.85,19.05,19.0021,-0.2847,61625,0,114879
564,2023-05-09,K (May 2023),19.05,19.7,18.96,19.35,19.4202,0.4181,68780,0,106494
565,2023-05-10,K (May 2023),19.45,19.88,18.3,18.9,18.8504,-0.5698,114165,380,91197
566,2023-05-11,K (May 2023),18.9,19.65,18.47,18.61,18.6032,-0.2472,86183,0,74648
567,2023-05-12,K (May 2023),18.65,19.1,17.85,18.6,18.5431,-0.0601,78146,110,66128
568,2023-05-15,K (May 2023),18.61,18.77,17.55,17.75,17.801,-0.7421,72822,237,55056
569,2023-05-16,K (May 2023),17.73,18.43,17.63,18.2,18.282,0.481,60493,0,41766
570,2023-05-17,K (May 2023),18.15,18.31,17.55,17.6,17.12,-1.162,2112,0,40252
571,2023-05-18,M (Jun 2023),19.9,20.01,19.05,19.15,19.1473,-0.8342,71093,0,210068
572,2023-05-19,M (Jun 2023),19.1,20.1,18.85,19.8,19.6485,0.5012,96138,460,213525
573,2023-05-22,M (Jun 2023),19.9,20.15,19.3,19.65,19.671,0.0225,74383,312,211830
574,2023-05-23,M (Jun 2023),19.7,20.4,19.41,20.1,20.0458,0.3748,81083,0,205969
575,2023-05-24,M (Jun 2023),20.15,21.25,19.95,20.64,20.9965,0.9507,103059,139,196856
576,2023-05-25,M (Jun 2023),20.54,20.95,20.17,20.48,20.4261,-0.5704,74940,0,188019
577,2023-05-26,M (Jun 2023),20.45,20.6,18.95,19.4,19.5822,-0.8439,88680,939,183560
578,2023-05-30,M (Jun 2023),19.25,19.75,18.65,18.94,18.967,-0.6152,91171,600,182815
579,2023-05-31,M (Jun 2023),18.95,19.55,18.68,18.91,18.8651,-0.1019,71599,0,175261
580,2023-06-01,M (Jun 2023),18.9,19.05,17.65,17.69,17.7047,-1.1604,91380,147,173759
581,2023-06-02,M (Jun 2023),17.7,17.76,16.7,17.05,16.9463,-0.7584,104054,0,176062
582,2023-06-05,M (Jun 2023),17.0,17.15,16.48,16.53,16.5014,-0.4449,70299,142,172160
583,2023-06-06,M (Jun 2023),16.55,16.65,15.4,15.45,15.4181,-1.0833,74505,0,170086
584,2023-06-07,M (Jun 2023),15.45,15.85,15.4,15.45,15.4509,0.0328,76620,186,164847
585,2023-06-08,M (Jun 2023),15.5,15.7,14.8,15.03,15.0127,-0.4382,62891,0,163594
586,2023-06-09,M (Jun 2023),15.1,15.52,14.93,15.2,15.2378,0.2251,67056,312,157631
587,2023-06-12,M (Jun 2023),15.25,15.7,15.08,15.5,15.5628,0.325,78315,0,154073
588,2023-06-13,M (Jun 2023),15.45,15.55,15.11,15.27,15.3191,-0.2437,78050,95,143295
589,2023-06-14,M (Jun 2023),15.3,15.4,14.68,14.7,14.778,-0.5411,88980,161,130075
590,2023-06-15,M (Jun 2023),14.7,15.2,14.55,15.05,15.103,0.325,83615,0,109438
591,2023-06-16,M (Jun 2023),15.1,15.21,14.3,14.34,14.3454,-0.7576,86925,0,90572
592,2023-06-20,M (Jun 2023),14.35,14.7,13.95,13.96,14.0254,-0.32,94942,0,65716
593,2023-06-21,M (Jun 2023),14.05,14.05,13.55,13.65,13.44,-0.5854,1686,0,64336
594,2023-06-22,N (Jul 2023),16.2,16.5,15.65,15.79,15.7789,-0.4001,70457,225,207498
595,2023-06-23,N (Jul 2023),15.75,16.4,15.75,16.0,15.9547,0.1758,82203,0,202865
596,2023-06-26,N (Jul 2023),16.0,16.25,15.6,16.01,15.9957,0.041,86144,0,197787
597,2023-06-27,N (Jul 2023),16.03,16.05,15.2,15.6,15.5616,-0.4341,70433,0,192710
598,2023-06-28,N (Jul 2023),15.6,15.7,14.95,15.11,14.9918,-0.5698,72202,720,192219
599,2023-06-29,N (Jul 2023),15.05,15.45,14.9,15.23,15.3281,0.3363,79876,0,186584
600,2023-06-30,N (Jul 2023),15.25,15.3,14.85,15.05,15.011,-0.3171,60661,0,184692
601,2023-07-03,N (Jul 2023),15.05,15.21,14.85,14.94,14.8946,-0.1164,46529,64,178380
602,2023-07-05,N (Jul 2023),14.88,15.35,14.85,15.29,15.2825,0.3879,73477,250,172019
603,2023-07-06,N (Jul 2023),15.26,17.95,15.25,16.25,16.1652,0.8827,191255,1315,149204
604,2023-07-07,N (Jul 2023),16.3,16.7,15.5,15.86,15.8619,-0.3033,116308,0,140333
605,2023-07-10,N (Jul 2023),15.9,16.4,15.6,15.76,15.7747,-0.0872,89790,777,128288
606,2023-07-11,N (Jul 2023),15.77,15.83,15.2,15.45,15.5525,-0.2222,99026,0,114621
607,2023-07-12,N (Jul 2023),15.41,15.7,14.25,14.31,14.2934,-1.2591,114150,294,107742
608,2023-07-13,N (Jul 2023),14.3,14.31,13.9,14.19,14.1923,-0.1011,91446,163,93950
609,2023-07-14,N (Jul 2023),14.19,14.4,13.75,13.77,13.8048,-0.3875,76981,0,80619
610,2023-07-17,N (Jul 2023),13.75,14.0,13.55,13.65,13.699,-0.1058,68206,0,67440
611,2023-07-18,N (Jul 2023),13.65,13.9,13.25,13.25,13.3001,-0.3989,71954,28,52183
612,2023-07-19,N (Jul 2023),13.3,13.3,13.03,13.05,13.02,-0.2801,1212,0,51467
613,2023-07-20,Q (Aug 2023),15.86,16.12,15.6,15.8,15.846,-0.059,82850,0,203008
614,2023-07-21,Q (Aug 2023),15.8,15.85,15.3,15.7,15.611,-0.235,76138,0,196657
615,2023-07-24,Q (Aug 2023),15.7,15.74,15.2,15.4,15.3804,-0.2306,68029,381,196728
616,2023-07-25,Q (Aug 2023),15.4,15.45,15.0,15.25,15.3462,-0.0342,67883,150,192879
617,2023-07-26,Q (Aug 2023),15.28,15.57,14.8,14.91,14.8878,-0.4584,87448,96,190019
618,2023-07-27,Q (Aug 2023),14.9,16.1,14.5,15.61,15.6879,0.8001,140141,110,183797
619,2023-07-28,Q (Aug 2023),15.65,15.75,14.85,15.1,14.9886,-0.6993,94728,0,176455
620,2023-07-31,Q (Aug 2023),15.05,15.2,14.78,14.89,14.8634,-0.1252,69699,623,169039
621,2023-08-01,Q (Aug 2023),14.88,15.45,14.8,15.19,15.0724,0.209,77219,167,164161
622,2023-08-02,Q (Aug 2023),15.5,17.2,15.35,16.84,16.7022,1.6298,184715,360,148624
623,2023-08-03,Q (Aug 2023),16.85,17.75,16.35,16.6,16.7483,0.0461,142012,553,134525
624,2023-08-04,Q (Aug 2023),16.75,17.6,15.65,17.35,17.5076,0.7593,140503,0,128871
625,2023-08-07,Q (Aug 2023),17.35,17.45,16.2,16.2,16.2943,-1.2133,106140,0,118042
626,2023-08-08,Q (Aug 2023),16.25,18.55,16.2,16.53,16.4955,0.2012,174613,216,101339
627,2023-08-09,Q (Aug 2023),16.5,17.2,15.85,16.31,16.3469,-0.1486,141708,0,89470
628,2023-08-10,Q (Aug 2023),16.3,16.95,15.1,16.09,16.0072,-0.3397,185182,184,76033
629,2023-08-11,Q (Aug 2023),16.05,16.68,15.25,15.3,15.3536,-0.6536,108854,451,70704
630,2023-08-14,Q (Aug 2023),15.35,15.9,14.8,14.83,14.8456,-0.508,87186,1616,60667
631,2023-08-15,Q (Aug 2023),14.9,16.55,14.6,16.22,16.1726,1.327,110296,14,33330
632,2023-08-16,Q (Aug 2023),16.25,16.6,15.95,16.6,16.28,0.1074,1678,0,32525
633,2023-08-17,U (Sep 2023),18.0,18.95,17.6,18.9,18.8548,0.843,126664,0,197902
634,2023-08-18,U (Sep 2023),18.85,19.55,18.2,18.5,18.4487,-0.4061,135240,450,189340
635,2023-08-21,U (Sep 2023),18.44,18.55,17.75,18.0,17.8493,-0.5994,85829,2320,184937
636,2023-08-22,U (Sep 2023),17.96,18.26,17.37,17.91,17.901,0.0517,76094,0,178905
637,2023-08-23,U (Sep 2023),17.9,17.92,16.9,16.95,17.2933,-0.6077,73309,0,180681
638,2023-08-24,U (Sep 2023),16.9,18.15,16.8,18.1,18.0102,0.7169,90320,0,176578
639,2023-08-25,U (Sep 2023),18.1,18.3,16.95,17.3,17.1776,-0.8326,103029,180,175084
640,2023-08-28,U (Sep 2023),17.15,17.22,16.4,16.45,16.4326,-0.745,80656,950,175942
641,2023-08-29,U (Sep 2023),16.42,16.6,15.76,15.89,15.9027,-0.5299,91657,389,181322
642,2023-08-30,U (Sep 2023),15.9,16.05,15.25,15.32,15.3029,-0.5998,78615,160,177526
643,2023-08-31,U (Sep 2023),15.28,15.41,14.93,15.0,15.0438,-0.2591,80188,612,177857
644,2023-09-01,U (Sep 2023),15.02,15.05,14.6,14.8,14.7971,-0.2467,73796,205,173594
645,2023-09-05,U (Sep 2023),14.8,15.25,14.6,15.15,14.9927,0.1956,75191,0,168193
646,2023-09-06,U (Sep 2023),15.15,15.8,15.0,15.3,15.3467,0.354,95027,0,161903
647,2023-09-07,U (Sep 2023),15.3,16.21,15.2,15.28,15.3022,-0.0445,89358,0,153613
648,2023-09-08,U (Sep 2023),15.25,15.7,14.65,14.89,14.9405,-0.3617,94162,317,150723
649,2023-09-11,U (Sep 2023),14.85,14.9,14.4,14.62,14.5844,-0.3561,93132,117,142084
650,2023-09-12,U (Sep 2023),14.62,14.85,14.25,14.6,14.6385,0.0541,85738,859,128389
651,2023-09-13,U (Sep 2023),14.6,14.95,13.9,13.95,13.9985,-0.64,101662,189,116005
652,2023-09-14,U (Sep 2023),13.95,13.96,13.3,13.37,13.3689,-0.6296,83007,720,106590
653,2023-09-15,U (Sep 2023),13.35,14.4,13.25,14.15,14.2528,0.8839,93259,24,91451
654,2023-09-18,U (Sep 2023),14.15,14.63,13.85,14.03,14.0971,-0.1557,70305,0,78843
655,2023-09-19,U (Sep 2023),13.99,14.75,13.8,14.1,14.0519,-0.0452,77624,54,59594
656,2023-09-20,U (Sep 2023),14.16,14.25,13.8,13.86,13.96,-0.0919,2293,0,57809
657,2023-09-21,V (Oct 2023),16.25,17.65,16.15,17.65,17.4859,1.3163,165459,0,197291
658,2023-09-22,V (Oct 2023),17.55,17.7,16.8,17.5,17.4916,0.0057,119328,0,185838
659,2023-09-25,V (Oct 2023),17.5,18.21,17.15,17.31,17.4974,0.0058,113373,230,181046
660,2023-09-26,V (Oct 2023),17.3,19.3,17.25,18.98,19.1742,1.6768,152290,0,175451
661,2023-09-27,V (Oct 2023),18.95,19.5,18.2,18.28,18.3022,-0.872,160182,0,161354
662,2023-09-28,V (Oct 2023),18.25,18.55,17.2,17.25,17.3515,-0.9507,141961,455,147790
663,2023-09-29,V (Oct 2023),17.25,17.85,16.5,17.59,17.7712,0.4197,140735,0,147897
664,2023-10-02,V (Oct 2023),17.1,18.3,17.0,17.81,17.8507,0.0795,112370,0,143625
665,2023-10-03,V (Oct 2023),17.85,20.05,17.55,19.7,19.6564,1.8057,160035,575,137978
666,2023-10-04,V (Oct 2023),19.75,20.35,18.4,18.75,18.5177,-1.1387,158232,16,121244
667,2023-10-05,V (Oct 2023),18.75,19.5,18.15,18.4,18.1998,-0.3179,123386,0,113795
668,2023-10-06,V (Oct 2023),18.4,19.6,17.51,17.95,18.0342,-0.1656,151277,565,111895
669,2023-10-09,V (Oct 2023),18.65,19.6,17.6,17.75,17.6467,-0.3875,120001,0,100314
670,2023-10-10,V (Oct 2023),17.7,17.75,16.6,17.15,16.9878,-0.6589,103023,0,91545
671,2023-10-11,V (Oct 2023),17.06,17.75,16.35,16.38,16.5021,-0.4857,112021,42,83570
672,2023-10-12,V (Oct 2023),16.35,17.85,15.8,16.95,16.9479,0.4458,143590,151,71947
673,2023-10-13,V (Oct 2023),16.97,20.2,16.63,19.35,19.2567,2.3088,185655,104,61868
674,2023-10-16,V (Oct 2023),19.15,19.36,17.04,17.3,17.1597,-2.097,116635,0,45883
675,2023-10-17,V (Oct 2023),17.25,18.45,16.8,17.97,17.8484,0.6887,123540,0,32103
676,2023-10-18,V (Oct 2023),18.1,18.5,17.8,18.35,18.37,0.5216,2507,0,31008
677,2023-10-19,X (Nov 2023),19.35,20.82,19.0,20.68,20.5549,0.9582,159949,420,164775
678,2023-10-20,X (Nov 2023),20.65,21.15,20.1,20.99,20.725,0.1701,140524,583,161959
679,2023-10-23,X (Nov 2023),20.75,21.9,19.25,19.8,20.0003,-0.7247,143591,325,158423
680,2023-10-24,X (Nov 2023),19.75,20.05,18.91,19.09,19.0875,-0.9128,106924,460,152304
681,2023-10-25,X (Nov 2023),19.12,20.85,18.9,20.23,20.3008,1.2133,138434,0,151267
682,2023-10-26,X (Nov 2023),20.3,21.17,20.0,20.44,20.5375,0.2367,131342,1475,149992
683,2023-10-27,X (Nov 2023),20.35,21.4,19.79,21.0,21.1865,0.649,127361,0,148463
684,2023-10-30,X (Nov 2023),20.9,21.23,19.45,19.75,19.5901,-1.5964,109010,188,142627
685,2023-10-31,X (Nov 2023),19.7,19.85,18.05,18.35,18.1268,-1.4633,121787,460,134070
686,2023-11-01,X (Nov 2023),18.25,18.4,17.15,17.35,17.3005,-0.8263,128558,797,133555
687,2023-11-02,X (Nov 2023),17.35,17.38,16.55,16.58,16.5565,-0.744,101382,658,132750
688,2023-11-03,X (Nov 2023),16.65,16.8,15.98,16.05,16.1519,-0.4046,89978,305,132026
689,2023-11-06,X (Nov 2023),16.1,16.18,15.59,15.7,15.6461,-0.5058,92192,1221,121101
690,2023-11-07,X (Nov 2023),15.7,15.97,15.4,15.45,15.5014,-0.1447,74193,0,113168
691,2023-11-08,X (Nov 2023),15.5,15.7,15.05,15.25,15.1093,-0.3921,79187,533,104670
692,2023-11-09,X (Nov 2023),15.23,16.06,14.86,15.85,15.8874,0.7781,93777,260,97021
693,2023-11-10,X (Nov 2023),15.84,15.91,14.85,15.24,14.8991,-0.9883,87004,441,89199
694,2023-11-13,X (Nov 2023),15.2,15.4,14.6,14.83,14.8035,-0.0956,69514,25,73339
695,2023-11-14,X (Nov 2023),14.85,15.05,14.05,14.4,14.2701,-0.5334,96523,329,58152
696,2023-11-15,X (Nov 2023),14.19,14.35,14.05,14.21,14.22,-0.0501,1955,0,54591
697,2023-11-16,Z (Dec 2023),15.35,15.5,15.1,15.2,15.1459,-0.2048,86700,356,202078
698,2023-11-17,Z (Dec 2023),15.16,15.25,14.85,14.9,14.9042,-0.2417,65697,169,201903
699,2023-11-20,Z (Dec 2023),14.9,15.0,14.6,14.8,14.776,-0.1282,63410,0,205075
700,2023-11-21,Z (Dec 2023),14.75,14.95,14.4,14.43,14.4523,-0.3237,78044,2041,207364
701,2023-11-22,Z (Dec 2023),14.45,14.75,14.25,14.59,14.5628,0.1105,73996,0,199944
702,2023-11-24,Z (Dec 2023),14.6,14.65,13.8,13.91,13.8496,-0.7132,67304,318,194382
703,2023-11-27,Z (Dec 2023),13.9,14.2,13.85,13.95,13.9533,0.1037,58317,0,191946
704,2023-11-28,Z (Dec 2023),13.9,14.1,13.65,13.85,13.7842,-0.1691,76585,88,190074
705,2023-11-29,Z (Dec 2023),13.85,14.1,13.65,13.97,13.9997,0.2155,79035,0,184953
706,2023-11-30,Z (Dec 2023),14.0,14.15,13.7,13.75,13.7578,-0.2419,73614,281,182983
707,2023-12-01,Z (Dec 2023),13.8,13.85,13.5,13.7,13.6982,-0.0596,68550,705,183584
708,2023-12-04,Z (Dec 2023),13.6,14.3,13.6,13.85,13.8006,0.1024,92813,265,171188
709,2023-12-05,Z (Dec 2023),13.9,14.05,13.65,13.65,13.663,-0.1376,76750,77,163510
710,2023-12-06,Z (Dec 2023),13.65,13.85,13.4,13.8,13.737,0.074,76142,218,157151
711,2023-12-07,Z (Dec 2023),13.8,13.9,13.58,13.78,13.7485,0.0115,61125,0,149948
712,2023-12-08,Z (Dec 2023),13.85,13.87,13.3,13.34,13.3417,-0.4068,84797,0,144725
713,2023-12-11,Z (Dec 2023),13.33,13.35,12.9,12.93,12.9471,-0.3946,76626,0,138766
714,2023-12-12,Z (Dec 2023),12.9,13.0,12.25,12.35,12.4035,-0.5436,86739,0,132730
715,2023-12-13,Z (Dec 2023),12.36,12.55,12.1,12.25,12.1843,-0.2192,97135,118,118470
716,2023-12-14,Z (Dec 2023),12.2,12.65,11.96,12.35,12.3048,0.1205,94756,308,104419
717,2023-12-15,Z (Dec 2023),12.34,12.8,12.2,12.57,12.4649,0.1601,97280,0,87232
718,2023-12-18,Z (Dec 2023),12.55,12.6,12.3,12.46,12.4176,-0.0473,59656,145,74877
719,2023-12-19,Z (Dec 2023),12.5,12.65,12.25,12.53,12.409,-0.0086,69930,0,57726
720,2023-12-20,Z (Dec 2023),12.55,12.6,12.38,12.4,12.31,-0.099,1842,0,55229
721,2023-12-21,F (Jan 2024),15.75,15.95,15.3,15.44,15.4414,-0.3647,120155,0,191887
722,2023-12-22,F (Jan 2024),15.45,15.75,15.0,15.15,15.0372,-0.4042,86839,0,183299
723,2023-12-26,F (Jan 2024),15.05,15.15,14.55,14.55,14.6063,-0.4309,57872,72,176588
724,2023-12-27,F (Jan 2024),14.6,14.65,13.95,13.98,13.9935,-0.6128,78249,112,169980
725,2023-12-28,F (Jan 2024),13.95,14.2,13.9,14.0,13.9837,-0.0098,57915,55,159417
726,2023-12-29,F (Jan 2024),14.0,14.45,13.85,14.08,14.0512,0.0675,76420,154,155569
727,2024-01-02,F (Jan 2024),14.25,14.8,13.9,14.15,14.1016,0.0504,118240,66,147043
728,2024-01-03,F (Jan 2024),14.13,14.95,14.1,14.7,14.6997,0.5981,123511,1036,138810
729,2024-01-04,F (Jan 2024),14.7,14.8,14.35,14.65,14.6618,-0.0379,92315,27,135169
730,2024-01-05,F (Jan 2024),14.65,15.05,13.95,14.25,14.2034,-0.4584,115930,260,127386
731,2024-01-08,F (Jan 2024),14.15,14.5,13.6,13.88,13.7975,-0.4059,100008,632,120090
732,2024-01-09,F (Jan 2024),13.88,14.05,13.35,13.45,13.4039,-0.3936,85129,230,111126
733,2024-01-10,F (Jan 2024),13.45,13.51,13.2,13.2,13.3453,-0.0586,86680,0,100243
734,2024-01-11,F (Jan 2024),13.25,13.75,12.95,13.05,13.0512,-0.2941,122315,745,89191
735,2024-01-12,F (Jan 2024),13.01,13.45,12.95,13.35,13.1811,0.1299,83350,0,71833
736,2024-01-16,F (Jan 2024),13.3,14.35,13.15,13.9,13.9544,0.7733,121279,0,40287
737,2024-01-17,F (Jan 2024),13.85,14.75,13.7,14.6,15.13,1.1756,1865,0,38590
738,2024-01-18,G (Feb 2024),15.45,15.5,14.9,14.98,15.0037,-0.515,94340,0,159629
739,2024-01-19,G (Feb 2024),15.0,15.0,14.48,14.53,14.6052,-0.3985,103981,0,160982
740,2024-01-22,G (Feb 2024),14.5,14.52,14.0,14.08,14.0804,-0.5248,87659,172,158069
741,2024-01-23,G (Feb 2024),14.08,14.08,13.65,13.7,13.7002,-0.3802,81031,0,157976
742,2024-01-24,G (Feb 2024),13.73,14.15,13.49,14.04,14.038,0.3378,81601,0,151034
743,2024-01-25,G (Feb 2024),14.05,14.3,13.9,14.21,14.2261,0.1881,73696,0,146863
744,2024-01-26,G (Feb 2024),14.25,14.45,13.9,14.14,14.1173,-0.1088,72020,0,145298
745,2024-01-29,G (Feb 2024),14.15,14.45,14.09,14.2,14.2508,0.1335,72133,649,144239
746,2024-01-30,G (Feb 2024),14.2,14.3,13.95,14.1,13.9929,-0.2579,68362,460,139677
747,2024-01-31,G (Feb 2024),14.1,15.0,13.84,14.88,14.8735,0.8806,163162,0,128233
748,2024-02-01,G (Feb 2024),14.85,15.01,14.35,14.39,14.6977,-0.1758,107474,0,131029
749,2024-02-02,G (Feb 2024),14.4,14.75,14.24,14.65,14.5473,-0.1504,88061,0,116288
750,2024-02-05,G (Feb 2024),14.65,14.85,13.85,14.05,13.9557,-0.5916,101851,0,108449
751,2024-02-06,G (Feb 2024),13.95,14.05,13.5,13.55,13.5521,-0.4036,82134,0,99413
752,2024-02-07,G (Feb 2024),13.58,13.65,13.25,13.37,13.3847,-0.1674,79608,97,88762
753,2024-02-08,G (Feb 2024),13.4,13.65,13.3,13.31,13.3452,-0.0395,62630,0,74971
754,2024-02-09,G (Feb 2024),13.35,13.4,13.13,13.35,13.3705,0.0253,54219,50,66096
755,2024-02-12,G (Feb 2024),13.4,13.9,13.2,13.8,13.8034,0.4329,68283,62,54340
756,2024-02-13,G (Feb 2024),13.85,17.85,13.61,15.6,15.7525,1.9491,152241,120,32459
757,2024-02-14,G (Feb 2024),15.75,15.75,14.65,14.8,14.32,-1.4325,2358,0,31628
758,2024-02-15,H (Mar 2024),15.05,15.35,14.84,15.03,15.0189,-0.1207,80148,0,173746
759,2024-02-16,H (Mar 2024),15.0,15.25,14.7,15.01,14.9515,-0.0674,99552,0,174117
760,2024-02-20,H (Mar 2024),15.05,15.9,14.9,15.55,15.5273,0.5758,137215,1167,173823
761,2024-02-21,H (Mar 2024),15.55,15.75,15.0,15.03,15.3494,-0.1779,96300,277,172578
762,2024-02-22,H (Mar 2024),15.05,15.1,14.5,14.94,15.0348,-0.3146,103590,0,171048
763,2024-02-23,H (Mar 2024),14.9,15.01,14.4,14.45,14.4301,-0.6047,79515,284,168676
764,2024-02-26,H (Mar 2024),14.5,14.6,14.2,14.31,14.2522,-0.1779,67223,0,170295
765,2024-02-27,H (Mar 2024),14.3,14.35,13.95,14.0,13.9981,-0.2541,56312,0,168644
766,2024-02-28,H (Mar 2024),13.98,14.4,13.97,14.33,14.2232,0.2251,60480,0,161857
767,2024-02-29,H (Mar 2024),14.3,14.45,13.95,14.1,14.0088,-0.2144,71738,409,156841
768,2024-03-01,H (Mar 2024),14.05,14.25,13.75,14.03,14.0481,0.0393,78139,504,155672
769,2024-03-04,H (Mar 2024),14.0,14.15,13.9,14.06,14.0297,-0.0184,58087,170,149080
770,2024-03-05,H (Mar 2024),14.1,15.25,14.0,14.68,14.703,0.6733,145149,0,138072
771,2024-03-06,H (Mar 2024),14.7,14.95,14.25,14.81,14.7897,0.0867,90704,0,136615
772,2024-03-07,H (Mar 2024),14.8,15.1,14.35,14.6,14.6174,-0.1723,72028,0,135395
773,2024-03-08,H (Mar 2024),14.65,15.75,14.2,15.05,15.0773,0.4599,137863,375,122139
774,2024-03-11,H (Mar 2024),15.0,15.65,14.75,14.9,14.8956,-0.1817,122737,0,111393
775,2024-03-12,H (Mar 2024),14.85,15.21,13.9,13.94,13.9606,-0.935,124019,0,102663
776,2024-03-13,H (Mar 2024),13.95,14.05,13.7,13.78,13.7973,-0.1633,73301,40,91505
777,2024-03-14,H (Mar 2024),13.8,15.05,13.58,14.35,14.342,0.5447,124784,282,78186
778,2024-03-15,H (Mar 2024),14.3,15.55,14.15,14.6,14.5984,0.2564,122973,0,58461
779,2024-03-18,H (Mar 2024),14.6,14.65,14.05,14.34,14.3579,-0.2405,72888,0,50322
780,2024-03-19,H (Mar 2024),14.34,14.91,13.8,13.85,13.9448,-0.4131,81465,0,37422
781,2024-03-20,H (Mar 2024),13.9,14.15,13.8,14.05,14.17,0.2252,2777,0,35965
782,2024-03-21,J (Apr 2024),14.5,14.65,14.3,14.46,14.4567,-0.1078,91064,0,176974
783,2024-03-22,J (Apr 2024),14.45,14.65,14.25,14.55,14.4814,0.0247,71037,160,175955
784,2024-03-25,J (Apr 2024),14.5,14.75,14.25,14.4,14.4005,-0.0809,68337,0,174616
785,2024-03-26,J (Apr 2024),14.4,14.4,14.1,14.32,14.3463,-0.0542,62492,0,174395
786,2024-03-27,J (Apr 2024),14.35,14.45,14.04,14.1,14.0661,-0.2802,69914,0,172941
787,2024-03-28,J (Apr 2024),14.05,14.4,14.05,14.4,14.3687,0.3026,77353,181,164365
788,2024-04-01,J (Apr 2024),14.35,14.8,14.15,14.61,14.5022,0.1335,77382,0,155883
789,2024-04-02,J (Apr 2024),14.65,15.65,14.45,14.91,14.9996,0.4974,145629,559,147774
790,2024-04-03,J (Apr 2024),15.0,15.4,14.7,14.91,14.9446,-0.055,108677,0,139186
791,2024-04-04,J (Apr 2024),14.9,16.35,14.45,15.95,15.8308,0.8862,186832,33,130103
792,2024-04-05,J (Apr 2024),15.96,16.35,15.43,16.01,16.0774,0.2466,154104,96,119782
793,2024-04-08,J (Apr 2024),16.0,16.02,15.15,15.3,15.347,-0.7304,129384,0,113407
794,2024-04-09,J (Apr 2024),15.3,16.0,14.95,14.98,15.0753,-0.2717,136261,66,100663
795,2024-04-10,J (Apr 2024),15.0,16.2,14.75,15.46,15.3171,0.2418,167943,0,89245
796,2024-04-11,J (Apr 2024),15.5,16.3,14.95,15.0,15.0239,-0.2932,125897,156,78864
797,2024-04-12,J (Apr 2024),15.0,18.1,15.0,17.05,17.0882,2.0643,215259,270,62923
798,2024-04-15,J (Apr 2024),17.05,18.7,15.95,18.55,18.4081,1.3199,158535,3294,51773
799,2024-04-16,J (Apr 2024),18.5,19.7,17.5,18.15,18.2475,-0.1606,111949,206,37418
800,2024-04-17,J (Apr 2024),18.0,18.65,17.8,17.95,18.03,-0.2175,1152,0,36458
801,2024-04-18,K (May 2024),17.2,17.65,16.75,17.35,17.3829,0.1736,105601,120,179901
802,2024-04-19,K (May 2024),17.35,19.7,17.1,17.8,17.8354,0.4525,161953,717,177618
803,2024-04-22,K (May 2024),17.7,17.7,16.2,16.38,16.4697,-1.3657,138171,0,174607
804,2024-04-23,K (May 2024),16.3,16.45,15.65,15.8,15.7943,-0.6754,91401,0,168277
805,2024-04-24,K (May 2024),15.75,16.1,15.55,15.96,15.6252,-0.1691,117117,0,164150
806,2024-04-25,K (May 2024),16.0,16.85,15.6,15.6,16.0018,0.3766,122136,0,166012
807,2024-04-26,K (May 2024),15.6,15.71,15.3,15.45,15.3964,-0.6054,97534,80,156190
808,2024-04-29,K (May 2024),15.45,15.5,15.0,15.15,15.1678,-0.2286,75733,0,155014
809,2024-04-30,K (May 2024),15.2,15.85,15.0,15.81,15.6634,0.4956,106361,0,157353
810,2024-05-01,K (May 2024),15.85,16.15,14.99,15.7,15.7081,0.0447,127438,0,155745
811,2024-05-02,K (May 2024),15.75,15.86,14.95,14.99,15.1632,-0.5449,96454,0,153673
812,2024-05-03,K (May 2024),15.05,15.07,14.45,14.55,14.5915,-0.5717,111583,245,153948
813,2024-05-06,K (May 2024),14.55,14.6,14.15,14.18,14.1983,-0.3932,59775,309,153835
814,2024-05-07,K (May 2024),14.2,14.35,14.05,14.15,14.0973,-0.101,90246,301,148561
815,2024-05-08,K (May 2024),14.1,14.25,13.85,13.95,13.9112,-0.1861,66146,410,146840
816,2024-05-09,K (May 2024),14.0,14.06,13.78,13.81,13.8112,-0.1,59210,676,144388
817,2024-05-10,K (May 2024),13.8,13.87,13.52,13.58,13.5511,-0.2601,67521,177,139175
818,2024-05-13,K (May 2024),13.55,13.9,13.4,13.75,13.8191,0.268,82450,4682,125307
819,2024-05-14,K (May 2024),13.8,13.95,13.45,13.56,13.5162,-0.3029,56713,0,115915
820,2024-05-15,K (May 2024),13.6,13.66,12.85,12.95,12.879,-0.6372,76192,81,109590
821,2024-05-16,K (May 2024),12.9,13.1,12.75,12.9,12.8347,-0.0443,67926,67,98754
822,2024-05-17,K (May 2024),12.91,13.0,12.6,12.68,12.6503,-0.1844,79428,0,80377
823,2024-05-20,K (May 2024),12.65,12.8,12.4,12.55,12.5725,-0.0778,58004,0,70644
824,2024-05-21,K (May 2024),12.59,13.0,12.05,12.21,12.1979,-0.3746,88303,0,85640
825,2024-05-22,K (May 2024),12.3,12.47,12.0,12.05,12.0,-0.1979,6196,0,51533
826,2024-05-23,M (Jun 2024),13.55,14.05,13.25,13.85,13.8561,0.1912,122230,0,192498
827,2024-05-24,M (Jun 2024),13.85,13.95,13.35,13.4,13.4272,-0.4289,77937,369,188543
828,2024-05-28,M (Jun 2024),13.45,14.0,13.2,13.75,13.7256,0.2984,100189,172,184741
829,2024-05-29,M (Jun 2024),13.71,14.5,13.7,14.48,14.3394,0.6138,115772,0,178426
830,2024-05-30,M (Jun 2024),14.45,14.7,13.95,14.4,14.2928,-0.0466,112881,182,176424
831,2024-05-31,M (Jun 2024),14.4,14.7,13.65,13.72,13.7896,-0.5032,135483,0,172154
832,2024-06-03,M (Jun 2024),13.75,14.25,13.5,13.68,13.6535,-0.1361,124490,0,166494
833,2024-06-04,M (Jun 2024),13.7,14.25,13.64,13.65,13.7165,0.063,92628,1951,162657
834,2024-06-05,M (Jun 2024),13.67,13.9,13.3,13.38,13.3525,-0.364,85202,0,159425
835,2024-06-06,M (Jun 2024),13.4,13.45,13.2,13.27,13.2562,-0.0963,109732,136,143150
836,2024-06-07,M (Jun 2024),13.27,13.6,12.9,13.0,13.0098,-0.2464,112773,0,135289
837,2024-06-10,M (Jun 2024),13.0,13.6,12.95,13.05,13.0295,0.0197,86987,107,123633
838,2024-06-11,M (Jun 2024),13.0,13.5,12.9,13.0,12.9694,-0.0601,98927,0,108053
839,2024-06-12,M (Jun 2024),13.05,13.1,12.45,12.58,12.5556,-0.4138,105661,61,100384
840,2024-06-13,M (Jun 2024),12.55,13.05,12.35,12.44,12.4105,-0.1451,111771,0,81802
841,2024-06-14,M (Jun 2024),12.44,13.6,12.4,13.0,12.9549,0.5444,117059,69,71514
842,2024-06-17,M (Jun 2024),13.02,13.25,12.55,12.8,12.8015,-0.1534,111314,73,50052
843,2024-06-18,M (Jun 2024),12.8,12.9,12.5,12.6,12.39,-0.4115,2657,0,48645
844,2024-06-20,N (Jul 2024),14.3,14.9,14.15,14.79,14.7681,0.472,135259,0,197686
845,2024-06-21,N (Jul 2024),14.78,15.07,14.35,14.55,14.4458,-0.3223,129929,390,190138
846,2024-06-24,N (Jul 2024),14.5,14.85,14.2,14.41,14.3967,-0.0491,91402,454,185065
847,2024-06-25,N (Jul 2024),14.43,14.5,14.0,14.12,14.077,-0.3197,63636,261,177449
848,2024-06-26,N (Jul 2024),14.1,14.21,13.9,13.95,13.9083,-0.1687,83105,0,177412
849,2024-06-27,N (Jul 2024),13.95,14.05,13.73,13.78,13.7587,-0.1496,86340,108,170134
850,2024-06-28,N (Jul 2024),13.8,14.1,13.7,14.01,14.0228,0.2641,97931,384,170281
851,2024-07-01,N (Jul 2024),14.0,14.01,13.35,13.4,13.4175,-0.6053,100580,252,169656
852,2024-07-02,N (Jul 2024),13.4,13.63,13.2,13.23,13.206,-0.2115,85156,271,166667
853,2024-07-03,N (Jul 2024),13.25,13.3,13.1,13.3,13.2699,0.0639,54043,71,159790
854,2024-07-05,N (Jul 2024),13.2,13.45,13.12,13.33,13.3033,0.0334,88837,126,150801
855,2024-07-08,N (Jul 2024),13.35,13.35,12.95,13.1,13.082,-0.2213,80171,137,143829
856,2024-07-09,N (Jul 2024),13.1,13.15,12.95,13.05,12.9957,-0.0863,76267,29,129539
857,2024-07-10,N (Jul 2024),13.0,13.05,12.79,12.96,12.9335,-0.0622,70352,500,115312
858,2024-07-11,N (Jul 2024),13.0,13.4,12.7,13.12,13.1184,0.1849,141021,210,100532
859,2024-07-12,N (Jul 2024),13.1,13.15,12.6,12.85,12.8311,-0.2873,109296,69,85553
860,2024-07-15,N (Jul 2024),12.85,13.2,12.7,13.14,13.1369,0.3058,104648,510,64088
861,2024-07-16,N (Jul 2024),13.13,13.45,12.95,13.09,13.1593,0.0224,80132,370,44980
862,2024-07-17,N (Jul 2024),13.05,13.9,13.0,13.9,13.89,0.7307,5056,0,42809
863,2024-07-18,Q (Aug 2024),14.75,15.5,14.4,15.3,15.2934,0.4854,166976,130,198566
864,2024-07-19,Q (Aug 2024),15.25,16.15,15.23,15.9,15.9169,0.6235,182927,1727,185843
865,2024-07-22,Q (Aug 2024),15.9,16.2,14.95,15.1,15.0439,-0.873,133943,0,180132
866,2024-07-23,Q (Aug 2024),15.1,15.4,14.69,14.82,14.9323,-0.1116,115837,1520,179426
867,2024-07-24,Q (Aug 2024),14.85,17.25,14.84,17.06,17.072,2.1397,231402,0,179669
868,2024-07-25,Q (Aug 2024),17.05,17.95,16.09,17.18,17.1444,0.0724,227721,2900,174334
869,2024-07-26,Q (Aug 2024),17.15,17.15,16.05,16.08,16.1771,-0.9673,115861,0,171084
870,2024-07-29,Q (Aug 2024),16.1,16.36,15.7,15.96,15.9722,-0.2049,97700,0,165261
871,2024-07-30,Q (Aug 2024),15.95,17.1,15.73,16.6,16.4855,0.5133,115213,0,162110
872,2024-07-31,Q (Aug 2024),16.65,16.65,15.35,15.83,15.9994,-0.4861,134585,160,155571
873,2024-08-01,Q (Aug 2024),15.85,18.2,15.65,17.7,17.4669,1.4675,201973,318,166539
874,2024-08-02,Q (Aug 2024),17.65,23.0,17.65,22.5,21.8527,4.3858,361047,1188,174657
875,2024-08-05,Q (Aug 2024),23.0,37.1,22.65,31.0,32.0986,10.2459,327852,0,164777
876,2024-08-06,Q (Aug 2024),30.65,30.72,21.85,24.36,25.7702,-6.3284,224511,3583,145439
877,2024-08-07,Q (Aug 2024),24.5,25.95,21.3,25.75,25.0766,-0.6936,154856,0,135726
878,2024-08-08,Q (Aug 2024),25.85,26.07,22.25,22.3,22.6885,-2.3881,102199,0,131166
879,2024-08-09,Q (Aug 2024),22.3,23.0,19.39,19.59,19.4971,-3.1914,110589,1294,119550
880,2024-08-12,Q (Aug 2024),19.45,19.85,17.85,19.5,19.4647,-0.0324,121608,1015,104909
881,2024-08-13,Q (Aug 2024),19.5,19.74,17.48,17.65,17.5452,-1.9195,89284,80,95947
882,2024-08-14,Q (Aug 2024),17.65,17.9,16.2,16.3,16.2453,-1.2999,84158,688,86295
883,2024-08-15,Q (Aug 2024),16.3,16.5,15.0,15.35,15.3485,-0.8968,102519,284,70698
884,2024-08-16,Q (Aug 2024),15.35,15.8,15.07,15.4,15.2799,-0.0686,54176,69,62725
885,2024-08-19,Q (Aug 2024),15.26,15.9,14.65,14.8,14.7848,-0.4951,61144,0,53311
886,2024-08-20,Q (Aug 2024),14.85,16.0,14.75,16.0,15.8801,1.0953,79249,109,36547
887,2024-08-21,Q (Aug 2024),15.96,16.2,15.75,15.9,16.11,0.2299,1424,0,34988
888,2024-08-22,U (Sep 2024),16.2,17.1,16.0,16.9,17.0095,0.7815,96785,0,175279
889,2024-08-23,U (Sep 2024),16.9,16.95,15.8,15.9,15.9286,-1.0809,108353,1145,174095
890,2024-08-26,U (Sep 2024),15.8,16.3,15.65,16.03,15.947,0.0184,68814,0,170479
891,2024-08-27,U (Sep 2024),16.05,16.3,15.5,15.5,15.5794,-0.3676,64274,440,168765
892,2024-08-28,U (Sep 2024),15.55,16.85,15.4,16.55,16.5703,0.9909,100247,289,164212
893,2024-08-29,U (Sep 2024),16.55,17.05,15.6,15.75,15.9351,-0.6352,90911,113,159923
894,2024-08-30,U (Sep 2024),15.8,16.0,15.3,15.4,15.411,-0.5241,84002,87,153840
895,2024-09-03,U (Sep 2024),15.45,19.8,15.3,19.08,19.1208,3.7098,198718,1110,143341
896,2024-09-04,U (Sep 2024),19.05,20.35,18.15,19.6,19.5445,0.4237,173783,160,136448
897,2024-09-05,U (Sep 2024),19.6,19.75,18.25,18.86,18.7523,-0.7922,129506,709,128868
898,2024-09-06,U (Sep 2024),18.85,21.55,18.05,20.95,20.4643,1.712,194456,0,123714
899,2024-09-09,U (Sep 2024),21.05,21.05,18.4,18.61,18.7253,-1.739,109715,0,110034
900,2024-09-10,U (Sep 2024),18.6,19.8,18.2,18.37,18.2864,-0.4389,108168,0,102292
901,2024-09-11,U (Sep 2024),18.35,20.35,17.2,17.45,17.2328,-1.0536,159598,370,88397
902,2024-09-12,U (Sep 2024),17.45,18.1,16.85,17.0,16.9479,-0.2849,96095,0,81125
903,2024-09-13,U (Sep 2024),17.05,17.15,16.35,16.75,16.703,-0.2449,72228,0,72309
904,2024-09-16,U (Sep 2024),16.8,17.5,16.8,17.18,17.0904,0.3874,65103,0,61106
905,2024-09-17,U (Sep 2024),17.15,17.95,16.73,17.7,17.8331,0.7427,85315,0,48126
906,2024-09-18,U (Sep 2024),17.75,17.9,17.55,17.8,18.69,0.8569,1311,0,47472
907,2024-09-19,V (Oct 2024),18.85,18.9,17.85,18.0,18.0222,-0.7171,103600,0,154204
908,2024-09-20,V (Oct 2024),18.05,18.25,17.7,18.06,17.9542,-0.068,76858,250,149839
909,2024-09-23,V (Oct 2024),18.0,18.21,17.6,18.0,18.0066,0.0524,50902,0,148282
910,2024-09-24,V (Oct 2024),18.1,18.7,17.75,18.09,18.0531,0.0465,68073,0,145808
911,2024-09-25,V (Oct 2024),18.05,18.4,17.9,18.23,18.3144,0.2613,50922,0,143921
912,2024-09-26,V (Oct 2024),18.25,18.55,17.84,18.3,18.2977,-0.0167,56356,0,138493
913,2024-09-27,V (Oct 2024),18.3,19.4,18.15,19.31,19.2552,0.9575,75032,546,132550
914,2024-09-30,V (Oct 2024),19.35,19.95,18.75,18.8,18.8425,-0.4127,108942,152,129809
915,2024-10-01,V (Oct 2024),18.85,20.7,18.65,20.55,20.4666,1.6241,159310,120,117314
916,2024-10-02,V (Oct 2024),20.45,21.15,19.9,20.07,20.1015,-0.3651,82430,0,113917
917,2024-10-03,V (Oct 2024),20.05,21.3,20.0,21.2,21.0732,0.9717,99659,0,109594
918,2024-10-04,V (Oct 2024),21.2,21.25,20.15,20.4,20.2031,-0.8701,80297,216,105833
919,2024-10-07,V (Oct 2024),20.35,22.75,20.2,22.35,22.5656,2.3625,112960,0,98657
920,2024-10-08,V (Oct 2024),22.35,22.81,21.15,21.45,21.4558,-1.1098,79915,0,87134
921,2024-10-09,V (Oct 2024),21.45,21.6,20.7,21.04,20.8987,-0.5571,66651,0,76457
922,2024-10-10,V (Oct 2024),21.0,21.65,20.72,21.4,21.3948,0.4961,74918,0,73262
923,2024-10-11,V (Oct 2024),21.4,21.72,20.85,21.2,21.1276,-0.2672,61073,236,62400
924,2024-10-14,V (Oct 2024),21.15,21.25,19.95,20.01,20.2002,-0.9274,53771,225,47302
925,2024-10-15,V (Oct 2024),20.0,21.25,19.65,21.15,20.9675,0.7673,98142,0,31067
926,2024-10-16,V (Oct 2024),21.2,21.55,20.95,20.95,20.97,0.0025,1283,0,30570
927,2024-10-17,X (Nov 2024),19.1,19.3,18.7,18.75,18.7641,-0.289,55833,0,156764
928,2024-10-18,X (Nov 2024),18.75,18.85,18.25,18.26,18.3002,-0.4639,59676,1030,155256
929,2024-10-21,X (Nov 2024),18.3,18.85,18.15,18.35,18.3564,0.0562,53950,0,152729
930,2024-10-22,X (Nov 2024),18.35,18.85,18.15,18.35,18.2834,-0.073,54562,0,150646
931,2024-10-23,X (Nov 2024),18.4,19.8,18.35,19.15,19.274,0.9906,97907,0,150301
932,2024-10-24,X (Nov 2024),19.14,19.85,18.75,18.95,18.9021,-0.3719,75685,0,145439
933,2024-10-25,X (Nov 2024),18.92,19.95,18.45,19.9,19.8968,0.9947,92483,811,144048
934,2024-10-28,X (Nov 2024),19.55,19.6,18.55,18.76,18.7978,-1.099,88013,0,132838
935,2024-10-29,X (Nov 2024),18.75,19.1,18.45,18.72,18.7575,-0.0403,55728,0,132764
936,2024-10-30,X (Nov 2024),18.7,19.4,18.55,19.33,19.3182,0.5607,67226,0,132420
937,2024-10-31,X (Nov 2024),19.3,21.05,19.3,20.86,20.9579,1.6397,141898,150,135055
938,2024-11-01,X (Nov 2024),20.9,20.95,19.75,20.45,20.488,-0.4699,100929,443,128927
939,2024-11-04,X (Nov 2024),20.3,20.45,19.4,19.45,19.5077,-0.9803,93006,0,128966
940,2024-11-05,X (Nov 2024),19.45,19.6,18.16,18.23,18.3442,-1.1635,100618,2250,126945
941,2024-11-06,X (Nov 2024),18.25,18.4,15.9,16.24,16.246,-2.0982,179104,2675,121088
942,2024-11-07,X (Nov 2024),16.2,16.31,15.5,15.7,15.6411,-0.6049,90516,575,108681
943,2024-11-08,X (Nov 2024),15.65,15.9,15.38,15.5,15.4969,-0.1442,88898,0,101611
944,2024-11-11,X (Nov 2024),15.5,15.55,15.19,15.45,15.4861,-0.0108,75879,2087,92014
945,2024-11-12,X (Nov 2024),15.4,15.75,15.21,15.3,15.2572,-0.2289,80005,0,85185
946,2024-11-13,X (Nov 2024),15.3,15.65,14.45,14.5,14.544,-0.7132,77410,0,79868
947,2024-11-14,X (Nov 2024),14.5,14.8,14.25,14.69,14.64,0.096,64235,0,74212
948,2024-11-15,X (Nov 2024),14.65,17.6,14.65,16.3,16.3884,1.7484,146156,102,61475
949,2024-11-18,X (Nov 2024),16.25,16.8,15.33,15.7,15.6117,-0.7767,82686,1085,56070
950,2024-11-19,X (Nov 2024),15.7,17.6,15.3,16.7,16.4181,0.8064,79989,300,40989
951,2024-11-20,X (Nov 2024),16.75,16.95,16.15,16.25,16.65,0.2319,1093,0,38846
952,2024-11-21,Z (Dec 2024),16.7,17.5,16.35,16.85,16.7716,-0.1806,96664,0,158320
953,2024-11-22,Z (Dec 2024),16.85,17.16,16.0,16.03,16.0654,-0.7062,73370,0,152277
954,2024-11-25,Z (Dec 2024),15.9,16.3,15.35,15.4,15.4492,-0.6162,87965,0,150663
955,2024-11-26,Z (Dec 2024),15.4,15.85,15.1,15.29,15.2541,-0.1951,78925,850,140768
956,2024-11-27,Z (Dec 2024),15.25,15.75,15.12,15.15,15.169,-0.0851,72600,516,141396
957,2024-11-29,Z (Dec 2024),15.19,15.2,14.8,14.85,14.8517,-0.3173,49306,0,142188
958,2024-12-02,Z (Dec 2024),14.85,14.95,14.65,14.75,14.7128,-0.1389,63398,0,141863
959,2024-12-03,Z (Dec 2024),14.71,15.05,14.45,14.53,14.5309,-0.1819,66776,1326,141650
960,2024-12-04,Z (Dec 2024),14.55,14.7,14.2,14.69,14.6572,0.1263,52768,409,135665
961,2024-12-05,Z (Dec 2024),14.7,14.85,14.5,14.57,14.6032,-0.054,66552,0,129011
962,2024-12-06,Z (Dec 2024),14.58,14.75,14.2,14.25,14.2855,-0.3177,77591,632,122070
963,2024-12-09,Z (Dec 2024),14.2,14.9,14.2,14.76,14.7355,0.45,82887,0,108380
964,2024-12-10,Z (Dec 2024),14.75,14.8,14.4,14.56,14.6523,-0.0832,65735,256,99551
965,2024-12-11,Z (Dec 2024),14.55,14.75,14.15,14.36,14.2842,-0.3681,51723,508,87920
966,2024-12-12,Z (Dec 2024),14.34,14.65,14.1,14.51,14.4062,0.122,77468,0,77885
967,2024-12-13,Z (Dec 2024),14.55,14.8,14.1,14.55,14.519,0.1128,71649,300,67152
968,2024-12-16,Z (Dec 2024),14.63,14.75,14.39,14.75,14.6997,0.1807,62361,705,53837
969,2024-12-17,Z (Dec 2024),14.75,15.95,14.61,15.75,15.7483,1.0486,92366,0,36176
970,2024-12-18,Z (Dec 2024),15.7,15.8,15.2,15.4,15.66,-0.0883,1715,0,34946
971,2024-12-19,F (Jan 2025),19.95,21.8,18.55,21.45,21.7113,1.9493,314207,1373,169747
972,2024-12-20,F (Jan 2025),21.4,22.8,18.05,18.28,18.2606,-3.4507,231176,3630,131736
973,2024-12-23,F (Jan 2025),18.2,18.61,16.9,16.95,17.0257,-1.2349,122754,0,125835
974,2024-12-24,F (Jan 2025),17.0,17.05,15.9,15.95,15.9878,-1.0379,71787,0,118289
975,2024-12-26,F (Jan 2025),16.05,16.75,15.95,16.06,16.0329,0.0451,78960,10,120952
976,2024-12-27,F (Jan 2025),16.1,17.9,16.05,16.95,16.9415,0.9086,139335,210,115878
977,2024-12-30,F (Jan 2025),16.84,18.6,16.75,17.4,17.3868,0.4453,108834,885,116482
978,2024-12-31,F (Jan 2025),17.4,17.7,16.9,17.48,17.5177,0.1309,69727,0,113246
979,2025-01-02,F (Jan 2025),17.5,18.85,17.01,17.81,17.9098,0.3921,100466,290,112194
980,2025-01-03,F (Jan 2025),17.83,17.9,16.65,16.8,16.6858,-1.224,77495,0,109326
981,2025-01-06,F (Jan 2025),16.8,17.0,16.25,16.5,16.5686,-0.1172,197513,300,103440
982,2025-01-07,F (Jan 2025),16.55,18.21,16.31,17.8,17.8805,1.3119,101875,0,98549
983,2025-01-08,F (Jan 2025),17.85,18.8,17.5,17.75,17.7197,-0.1608,125613,880,96385
984,2025-01-10,F (Jan 2025),18.05,19.65,17.9,19.12,19.0119,1.0452,120641,0,87331
985,2025-01-13,F (Jan 2025),19.15,20.2,18.4,18.44,18.5959,-0.416,89672,0,78856
986,2025-01-14,F (Jan 2025),18.45,18.9,17.65,18.1,18.2081,-0.3878,73248,10,70024
987,2025-01-15,F (Jan 2025),18.12,18.25,16.05,16.18,16.101,-2.1071,111261,530,64698
988,2025-01-16,F (Jan 2025),16.19,16.51,15.85,16.35,16.189,0.088,69270,29,60197
989,2025-01-17,F (Jan 2025),16.3,16.4,15.75,16.3,16.1792,-0.0098,59990,197,50303
990,2025-01-21,F (Jan 2025),16.25,16.9,15.05,15.15,15.2423,-0.9369,85533,0,45313
991,2025-01-22,F (Jan 2025),15.1,15.2,14.7,14.8,15.53,0.2877,1123,0,43161
992,2025-01-23,G (Feb 2025),16.7,16.9,16.35,16.47,16.4733,-0.2699,81010,1009,172763
993,2025-01-24,G (Feb 2025),16.5,16.55,16.25,16.41,16.382,-0.0913,62252,452,173161
994,2025-01-27,G (Feb 2025),16.6,20.16,16.55,17.56,17.6133,1.2313,244514,0,167410
995,2025-01-28,G (Feb 2025),17.5,17.95,16.8,16.98,16.939,-0.6743,99360,315,157695
996,2025-01-29,G (Feb 2025),17.0,17.6,16.75,16.88,16.8431,-0.0959,93872,0,143967
997,2025-01-30,G (Feb 2025),16.85,17.0,16.51,16.8,16.7092,-0.1339,87054,0,149145
998,2025-01-31,G (Feb 2025),16.82,17.65,16.4,17.44,17.3586,0.6494,98544,0,142492
999,2025-02-03,G (Feb 2025),18.55,19.85,17.15,17.35,17.9108,0.5522,88404,0,133697
1000,2025-02-04,G (Feb 2025),17.3,18.96,16.9,17.45,17.2011,-0.7097,43944,131,124858
1001,2025-02-05,G (Feb 2025),17.5,17.9,16.7,16.75,16.7703,-0.4308,38512,0,121666
1002,2025-02-06,G (Feb 2025),16.69,17.0,16.55,16.63,16.5795,-0.1908,37936,95,120848
1003,2025-02-07,G (Feb 2025),16.65,17.41,16.35,17.4,17.3458,0.7663,98920,195,114246
1004,2025-02-10,G (Feb 2025),17.55,17.75,16.65,16.75,16.7021,-0.6437,74083,463,105152
1005,2025-02-11,G (Feb 2025),16.75,17.01,16.55,16.8,16.7694,0.0673,63757,0,91278
1006,2025-02-12,G (Feb 2025),16.75,17.5,16.58,16.67,16.8012,0.0318,97817,72,80249
1007,2025-02-13,G (Feb 2025),16.7,17.1,16.1,16.14,16.1349,-0.6663,73628,500,74835
1008,2025-02-14,G (Feb 2025),16.1,16.3,15.95,16.1,16.0117,-0.1232,71035,0,64320
1009,2025-02-18,G (Feb 2025),16.02,16.45,15.5,15.5,15.6602,-0.3515,85704,93,42906
1010,2025-02-19,G (Feb 2025),15.5,15.8,15.29,15.65,15.94,0.2798,2320,0,41772
1011,2025-02-20,H (Mar 2025),16.95,17.35,16.8,16.95,17.0326,0.126,105158,1612,209878
1012,2025-02-21,H (Mar 2025),16.95,18.45,16.91,18.2,18.3007,1.2681,184681,0,199225
1013,2025-02-24,H (Mar 2025),18.1,18.85,17.65,18.32,18.4302,0.1295,152793,2575,197932
1014,2025-02-25,H (Mar 2025),18.35,19.4,18.05,18.37,18.4836,0.0534,182928,200,202055
1015,2025-02-26,H (Mar 2025),18.35,18.75,17.6,17.8,18.1337,-0.3499,134427,0,185070
1016,2025-02-27,H (Mar 2025),17.8,19.35,17.65,19.23,19.3063,1.1726,164843,3622,178805
1017,2025-02-28,H (Mar 2025),19.25,20.0,18.7,18.93,18.8291,-0.4772,184717,0,159440
1018,2025-03-03,H (Mar 2025),18.7,21.25,18.4,20.37,20.6577,1.8286,149604,242,157837
1019,2025-03-04,H (Mar 2025),20.5,23.0,20.04,20.72,21.2409,0.5832,235740,738,145869
1020,2025-03-05,H (Mar 2025),20.7,21.75,20.05,20.37,20.1269,-1.114,155199,2713,128821
1021,2025-03-06,H (Mar 2025),20.3,22.95,20.2,22.46,22.8281,2.7012,168299,807,130499
1022,2025-03-07,H (Mar 2025),22.4,23.62,21.55,21.85,21.6254,-1.2027,162330,303,120265
1023,2025-03-10,H (Mar 2025),21.8,25.45,21.8,24.77,24.9344,3.309,176385,0,112322
1024,2025-03-11,H (Mar 2025),24.8,26.65,23.97,24.69,24.6115,-0.3229,178060,1383,101839
1025,2025-03-12,H (Mar 2025),24.3,24.9,22.8,23.25,23.0749,-1.5366,121890,204,87357
1026,2025-03-13,H (Mar 2025),23.15,25.05,22.7,24.3,24.4101,1.3352,94073,246,82752
1027,2025-03-14,H (Mar 2025),24.25,24.25,21.4,21.75,21.5211,-2.889,104026,0,66883
1028,2025-03-17,H (Mar 2025),21.65,22.5,20.4,20.75,20.8352,-0.6859,89945,100,44411
1029,2025-03-18,H (Mar 2025),20.9,21.5,20.8,21.45,21.63,0.7948,1763,0,43745
1030,2025-03-19,J (Apr 2025),20.5,20.75,19.25,19.66,19.7513,-0.7293,103461,0,151454
1031,2025-03-20,J (Apr 2025),19.7,20.25,19.2,19.35,19.4005,-0.3508,102391,2411,148844
1032,2025-03-21,J (Apr 2025),19.35,20.13,19.13,19.27,19.4179,0.0174,98196,277,149540
1033,2025-03-24,J (Apr 2025),19.2,19.25,18.0,18.15,18.0635,-1.3544,105573,957,143535
1034,2025-03-25,J (Apr 2025),18.15,18.35,17.9,18.18,18.2072,0.1437,73950,1108,143295
1035,2025-03-26,J (Apr 2025),18.18,19.3,17.95,18.9,18.8445,0.6373,100614,0,141122
1036,2025-03-27,J (Apr 2025),19.1,19.55,18.65,18.99,18.9763,0.1318,79291,336,140325
1037,2025-03-28,J (Apr 2025),19.0,21.3,19.0,21.25,20.9817,2.0054,129947,0,135351
1038,2025-03-31,J (Apr 2025),21.4,22.65,20.6,21.02,20.8435,-0.1382,129283,0,128228
1039,2025-04-01,J (Apr 2025),21.05,22.05,20.5,20.88,20.8794,0.0359,86516,0,127234
1040,2025-04-02,J (Apr 2025),20.9,22.18,19.33,22.0,20.1562,-0.7232,105516,0,123726
1041,2025-04-03,J (Apr 2025),22.15,26.57,22.1,26.25,26.3753,6.2191,254684,889,127660
1042,2025-04-04,J (Apr 2025),26.4,33.35,25.75,32.55,32.4976,6.1223,259063,380,126661
1043,2025-04-07,J (Apr 2025),35.0,40.2,26.9,32.9,33.1708,0.6732,223915,83,122555
1044,2025-04-08,J (Apr 2025),32.8,41.5,29.3,39.5,39.1728,6.002,176070,966,107141
1045,2025-04-09,J (Apr 2025),39.23,44.01,26.8,28.1,28.6489,-10.5239,178459,308,96134
1046,2025-04-10,J (Apr 2025),28.4,40.6,27.8,35.2,35.8622,7.2133,154399,393,85254
1047,2025-04-11,J (Apr 2025),35.25,38.85,33.85,34.45,34.6376,-1.2246,90437,186,73725
1048,2025-04-14,J (Apr 2025),33.8,33.8,28.65,30.0,29.8594,-4.7782,91640,596,56404
1049,2025-04-15,J (Apr 2025),30.1,31.35,28.11,30.35,29.9025,0.0431,60104,0,48836
1050,2025-04-16,J (Apr 2025),31.1,33.31,30.7,31.65,31.91,2.0075,1488,0,48425
1051,2025-04-17,K (May 2025),27.2,27.5,26.3,26.5,26.7284,-0.8974,80242,0,142772
1052,2025-04-21,K (May 2025),27.05,29.1,26.65,28.3,28.4469,1.7185,85828,1721,142040
1053,2025-04-22,K (May 2025),28.25,28.5,26.35,26.53,26.5397,-1.9072,101498,0,134380
1054,2025-04-23,K (May 2025),26.2,26.4,24.65,25.25,25.4379,-1.1018,98225,2609,131027
1055,2025-04-24,K (May 2025),25.3,26.15,24.26,24.42,24.5677,-0.8702,73819,0,126886
1056,2025-04-25,K (May 2025),24.33,25.1,23.4,23.5,23.4981,-1.0696,70610,0,121229
1057,2025-04-28,K (May 2025),23.4,24.65,23.15,23.75,23.682,0.1839,58143,0,118254
1058,2025-04-29,K (May 2025),23.8,24.25,23.2,23.4,23.3847,-0.2973,62355,0,116868
1059,2025-04-30,K (May 2025),23.4,25.65,23.35,23.75,24.0109,0.6262,98007,0,112111
1060,2025-05-01,K (May 2025),23.8,24.05,23.15,23.77,23.5699,-0.441,59486,0,108565
1061,2025-05-02,K (May 2025),23.65,23.95,22.44,22.6,22.4818,-1.0881,68508,0,102898
1062,2025-05-05,K (May 2025),22.55,23.3,22.5,23.2,23.1838,0.702,50632,0,101654
1063,2025-05-06,K (May 2025),23.25,24.5,23.15,24.4,24.1076,0.9238,51362,0,99345
1064,2025-05-07,K (May 2025),24.4,24.4,23.2,23.46,23.3234,-0.7842,57810,0,95203
1065,2025-05-08,K (May 2025),23.5,23.55,21.93,22.36,22.2923,-1.0311,69847,0,89797
1066,2025-05-09,K (May 2025),22.3,22.55,21.7,21.95,22.0058,-0.2865,50459,0,83445
1067,2025-05-12,K (May 2025),21.65,21.65,18.46,18.55,18.571,-3.4348,102812,761,79661
1068,2025-05-13,K (May 2025),18.6,19.05,17.83,18.6,18.4379,-0.1331,63414,176,71512
1069,2025-05-14,K (May 2025),18.6,18.96,18.3,18.85,18.7805,0.3426,51551,0,63179
1070,2025-05-15,K (May 2025),18.85,19.25,18.19,18.2,18.2334,-0.5471,50227,171,58277
1071,2025-05-16,K (May 2025),18.25,18.43,17.8,18.4,17.9271,-0.3063,46725,269,52813
1072,2025-05-19,K (May 2025),18.6,19.45,18.02,18.16,18.2044,0.2773,44648,0,46267
1073,2025-05-20,K (May 2025),18.19,19.0,17.95,17.97,18.0043,-0.2001,49931,0,38219
1074,2025-05-21,K (May 2025),18.05,18.85,18.0,18.6,19.12,1.1157,1918,0,37652
1075,2025-05-22,M (Jun 2025),20.95,21.45,20.25,20.55,20.6395,-0.1509,100273,113,141399
1076,2025-05-23,M (Jun 2025),20.5,22.62,20.4,22.08,22.0425,1.403,105784,0,136656
1077,2025-05-27,M (Jun 2025),22.0,22.03,19.55,19.55,19.7008,-2.3417,83513,0,126029
1078,2025-05-28,M (Jun 2025),19.65,20.15,19.55,19.65,19.92,0.2192,62810,0,122531
1079,2025-05-29,M (Jun 2025),19.65,20.3,19.0,20.06,19.9594,0.0394,57676,342,116444
1080,2025-05-30,M (Jun 2025),20.1,20.9,19.8,20.07,20.0219,0.0625,68680,0,115036
1081,2025-06-02,M (Jun 2025),20.25,20.85,19.65,19.65,19.7059,-0.316,57395,4,113953
1082,2025-06-03,M (Jun 2025),19.7,20.05,19.15,19.2,19.204,-0.5019,58110,0,112230
1083,2025-06-04,M (Jun 2025),19.25,19.4,19.05,19.3,19.1474,-0.0566,55625,0,110500
1084,2025-06-05,M (Jun 2025),19.25,19.85,18.55,19.77,19.5782,0.4308,85365,346,107536
1085,2025-06-06,M (Jun 2025),19.9,19.91,18.45,18.65,18.5314,-1.0468,66223,438,103105
1086,2025-06-09,M (Jun 2025),18.6,18.85,18.15,18.35,18.3048,-0.2266,54002,0,98167
1087,2025-06-10,M (Jun 2025),18.35,18.61,18.0,18.15,18.1408,-0.164,55763,326,88738
1088,2025-06-11,M (Jun 2025),18.16,18.81,17.4,18.4,18.3462,0.2054,89593,0,80085
1089,2025-06-12,M (Jun 2025),18.4,19.25,18.31,18.76,18.7455,0.3993,79054,0,68709
1090,2025-06-13,M (Jun 2025),18.7,22.8,18.7,21.07,21.2716,2.5261,140323,679,52180
1091,2025-06-16,M (Jun 2025),21.6,21.75,18.8,19.15,19.1942,-2.0774,72233,0,42779
1092,2025-06-17,M (Jun 2025),19.1,21.8,19.0,21.05,20.9935,1.7993,70433,170,31586
1093,2025-06-18,M (Jun 2025),21.4,21.85,20.4,21.0,20.68,-0.3135,1305,0,31590
1094,2025-06-20,N (Jul 2025),20.85,22.08,20.49,21.1,21.1254,0.3201,91797,717,161982
1095,2025-06-23,N (Jul 2025),22.0,22.45,20.63,20.65,20.7581,-0.3673,103192,1034,156904
1096,2025-06-24,N (Jul 2025),20.6,20.65,19.2,19.3,19.2484,-1.5097,106680,61,157509
1097,2025-06-25,N (Jul 2025),19.3,19.38,18.95,19.05,19.0176,-0.2308,69233,515,156567
1098,2025-06-26,N (Jul 2025),19.05,19.15,18.75,18.95,18.9112,-0.1064,68608,0,157037
1099,2025-06-27,N (Jul 2025),18.9,19.35,18.6,18.85,18.8523,-0.0589,68622,1753,151319
1100,2025-06-30,N (Jul 2025),18.85,18.96,18.5,18.78,18.7125,-0.1398,67062,532,149744
1101,2025-07-01,N (Jul 2025),18.75,19.05,18.48,18.7,18.6524,-0.0601,73966,594,145250
1102,2025-07-02,N (Jul 2025),18.75,18.9,18.4,18.55,18.5591,-0.0933,67243,308,141741
1103,2025-07-03,N (Jul 2025),18.55,18.56,18.0,18.4,18.3205,-0.2386,65267,0,134777
1104,2025-07-07,N (Jul 2025),18.35,19.15,18.35,18.84,18.729,0.4085,91965,270,122679
1105,2025-07-08,N (Jul 2025),18.8,18.9,17.9,17.9,18.0173,-0.7117,80969,700,112640
1106,2025-07-09,N (Jul 2025),17.9,18.0,17.05,17.16,17.0818,-0.9355,96874,3520,91655
1107,2025-07-10,N (Jul 2025),17.15,17.35,16.79,16.85,16.8712,-0.2106,64747,107,79509
1108,2025-07-11,N (Jul 2025),16.87,17.78,16.75,17.3,17.1231,0.2519,75083,0,64647
1109,2025-07-14,N (Jul 2025),17.48,17.83,17.15,17.25,17.3381,0.215,63814,468,49909
1110,2025-07-15,N (Jul 2025),17.25,17.45,16.61,17.31,16.9855,-0.3526,77703,0,38256
1111,2025-07-16,N (Jul 2025),17.25,17.35,16.55,16.6,16.74,-0.2455,2368,0,36052
1112,2025-07-17,Q (Aug 2025),19.5,19.55,19.18,19.3,19.4451,-0.0804,63093,195,227746
1113,2025-07-18,Q (Aug 2025),19.3,19.4,19.05,19.08,19.141,-0.3041,60326,3223,225101
1114,2025-07-21,Q (Aug 2025),19.05,19.1,18.6,19.0,19.0016,-0.1394,69258,1663,218818
1115,2025-07-22,Q (Aug 2025),18.95,19.45,18.85,18.93,18.8975,-0.1041,64662,0,214091
1116,2025-07-23,Q (Aug 2025),18.95,18.95,17.95,17.96,18.0956,-0.8019,92812,1109,208549
1117,2025-07-24,Q (Aug 2025),17.95,18.17,17.8,18.06,18.0782,-0.0174,87354,374,204569
1118,2025-07-25,Q (Aug 2025),18.0,18.25,17.84,17.91,17.8844,-0.1938,58325,991,200691
1119,2025-07-28,Q (Aug 2025),17.8,17.8,17.0,17.3,17.3948,-0.4896,74085,776,198847
1120,2025-07-29,Q (Aug 2025),17.32,17.95,17.02,17.95,17.8434,0.4486,88395,0,196617
1121,2025-07-30,Q (Aug 2025),17.95,18.3,17.5,17.5,17.9038,0.0604,97673,0,186062
1122,2025-07-31,Q (Aug 2025),17.48,18.2,17.2,18.05,17.9566,0.0528,104325,821,182198
1123,2025-08-01,Q (Aug 2025),18.05,20.48,17.97,19.9,19.8518,1.8952,217768,872,162389
1124,2025-08-04,Q (Aug 2025),19.75,20.12,17.9,17.95,18.1045,-1.7473,117021,210,154653
1125,2025-08-05,Q (Aug 2025),17.95,19.0,17.7,18.4,18.3111,0.2066,94773,0,147755
1126,2025-08-06,Q (Aug 2025),18.4,18.46,17.6,17.68,17.6048,-0.7063,81418,0,142125
1127,2025-08-07,Q (Aug 2025),17.85,18.2,17.25,17.7,17.7978,0.193,82325,0,134734
1128,2025-08-08,Q (Aug 2025),17.65,17.75,16.73,16.75,16.868,-0.9298,87905,565,128717
1129,2025-08-11,Q (Aug 2025),16.7,17.05,16.6,16.95,16.9014,0.0334,77945,59,119500
1130,2025-08-12,Q (Aug 2025),16.95,17.1,15.85,15.9,15.8937,-1.0077,88936,759,113164
1131,2025-08-13,Q (Aug 2025),15.91,16.0,15.5,15.75,15.6455,-0.2482,80242,152,103082
1132,2025-08-14,Q (Aug 2025),15.7,16.1,15.47,15.81,15.7256,0.0801,75717,318,90735
1133,2025-08-15,Q (Aug 2025),15.8,15.96,15.48,15.78,15.7742,0.0486,69731,4352,76818
1134,2025-08-18,Q (Aug 2025),15.86,15.98,15.3,15.33,15.3206,-0.4536,75608,68,62405
1135,2025-08-19,Q (Aug 2025),15.35,15.8,15.0,15.5,15.5738,0.2532,78243,404,48660
1136,2025-08-20,Q (Aug 2025),15.4,15.75,15.35,15.55,15.41,-0.1638,1636,0,47175
1137,2025-08-21,U (Sep 2025),18.25,18.86,18.1,18.65,18.6088,0.308,91598,0,255319
1138,2025-08-22,U (Sep 2025),18.6,18.85,16.95,17.05,16.9975,-1.6113,141366,4485,243586
1139,2025-08-25,U (Sep 2025),16.95,17.35,16.9,17.04,17.0172,0.0197,85113,0,236685
1140,2025-08-26,U (Sep 2025),17.05,17.45,16.8,16.8,16.8867,-0.1305,79296,0,229788
1141,2025-08-27,U (Sep 2025),16.85,17.25,16.8,16.94,16.9045,0.0178,71592,3614,225259
1142,2025-08-28,U (Sep 2025),16.95,17.1,16.6,16.8,16.6525,-0.252,76190,235,219457
1143,2025-08-29,U (Sep 2025),16.8,17.35,16.55,17.08,17.149,0.4965,115648,0,206335
1144,2025-09-02,U (Sep 2025),17.1,18.7,16.7,17.5,17.7246,0.5756,168097,625,190201
1145,2025-09-03,U (Sep 2025),17.5,17.7,17.1,17.15,17.1889,-0.5357,101604,0,183082
1146,2025-09-04,U (Sep 2025),17.15,17.18,16.5,16.53,16.5962,-0.5927,101807,235,168171
1147,2025-09-05,U (Sep 2025),16.55,17.36,16.1,16.8,16.7106,0.1144,136138,1578,156944
1148,2025-09-08,U (Sep 2025),16.75,16.8,16.3,16.35,16.3618,-0.3488,86506,0,142190
1149,2025-09-09,U (Sep 2025),16.36,16.76,16.2,16.25,16.2916,-0.0702,87946,239,127726
1150,2025-09-10,U (Sep 2025),16.3,16.4,15.85,16.19,16.1314,-0.1602,85996,0,114863
1151,2025-09-11,U (Sep 2025),16.2,16.2,15.6,15.65,15.6473,-0.4841,85753,404,97235
1152,2025-09-12,U (Sep 2025),15.68,15.76,15.4,15.65,15.5928,-0.0545,73019,150,87145
1153,2025-09-15,U (Sep 2025),15.7,15.9,15.25,15.8,15.7566,0.1638,83936,59,64956
1154,2025-09-16,U (Sep 2025),15.8,16.25,15.6,15.95,16.1034,0.3468,86203,34,44851
1155,2025-09-17,U (Sep 2025),16.0,16.5,15.75,16.15,15.86,-0.2434,2097,0,43952
1156,2025-09-18,V (Oct 2025),17.73,17.8,17.25,17.65,17.677,-0.1016,80681,0,259799
1157,2025-09-19,V (Oct 2025),17.65,18.0,17.55,17.7,17.7179,0.0409,62788,684,256033
1158,2025-09-22,V (Oct 2025),17.75,18.15,17.7,18.02,18.0476,0.3297,74303,0,250824
1159,2025-09-23,V (Oct 2025),18.0,18.6,17.9,18.25,18.34,0.2924,91768,0,241043
1160,2025-09-24,V (Oct 2025),18.25,18.65,17.95,17.95,18.0413,-0.2987,84223,0,231186
1161,2025-09-25,V (Oct 2025),17.96,18.7,17.85,18.33,18.3333,0.292,103766,0,227624
1162,2025-09-26,V (Oct 2025),18.35,18.4,17.45,17.5,17.4931,-0.8402,118560,0,222010
1163,2025-09-29,V (Oct 2025),17.55,17.9,17.25,17.75,17.7466,0.2535,73537,558,216507
1164,2025-09-30,V (Oct 2025),17.8,18.05,17.55,17.75,17.588,-0.1586,60672,582,211838
1165,2025-10-01,V (Oct 2025),17.7,18.27,17.45,17.6,17.5014,-0.0866,67777,450,207857
1166,2025-10-02,V (Oct 2025),17.6,17.9,17.35,17.8,17.842,0.3406,70965,505,206019
1167,2025-10-03,V (Oct 2025),17.85,18.05,17.65,17.8,17.7273,-0.1147,67965,498,197708
1168,2025-10-06,V (Oct 2025),17.8,17.95,17.5,17.6,17.602,-0.1253,91869,0,188106
1169,2025-10-07,V (Oct 2025),17.65,18.3,17.45,18.05,18.1013,0.4993,95898,0,177054
1170,2025-10-08,V (Oct 2025),18.05,18.15,17.5,17.55,17.6497,-0.4516,70793,0,170713
1171,2025-10-09,V (Oct 2025),17.55,18.15,17.5,17.7,17.7004,0.0507,84360,114,164304
1172,2025-10-10,V (Oct 2025),17.68,22.09,17.5,22.05,21.0095,3.3091,258203,0,147297
1173,2025-10-13,V (Oct 2025),21.3,21.3,18.9,19.1,19.0245,-1.985,154655,0,121671
1174,2025-10-14,V (Oct 2025),19.05,21.65,18.68,20.45,20.2857,1.2612,140222,0,98704
1175,2025-10-15,V (Oct 2025),20.4,21.6,19.44,20.85,20.7228,0.4371,101470,192,88123
1176,2025-10-16,V (Oct 2025),20.85,24.2,20.23,24.09,24.0259,3.3031,144120,424,84821
1177,2025-10-17,V (Oct 2025),24.0,27.9,20.8,20.8,20.9137,-3.1122,136280,276,72251
1178,2025-10-20,V (Oct 2025),20.8,21.1,18.35,18.4,18.4487,-2.465,110447,99,60074
1179,2025-10-21,V (Oct 2025),18.4,19.04,17.65,18.05,18.018,-0.4307,79274,850,49746
1180,2025-10-22,V (Oct 2025),18.1,18.5,17.8,18.0,18.7,0.682,1265,0,46641
1181,2025-10-23,X (Nov 2025),19.35,19.7,18.85,18.85,18.9203,-0.3836,86329,0,237664
1182,2025-10-24,X (Nov 2025),18.85,18.85,18.35,18.6,18.6373,-0.283,101794,57,226158
1183,2025-10-27,X (Nov 2025),18.25,18.3,17.75,18.0,18.0336,-0.6037,89646,0,218262
1184,2025-10-28,X (Nov 2025),18.01,18.6,17.95,18.53,18.5732,0.5396,73094,0,211957
1185,2025-10-29,X (Nov 2025),18.51,19.0,18.18,18.85,18.9367,0.3635,99209,0,207148
1186,2025-10-30,X (Nov 2025),18.95,19.26,18.4,18.6,19.108,0.1713,99963,0,202975
1187,2025-10-31,X (Nov 2025),18.64,19.65,18.44,19.1,19.1308,0.0228,95827,0,195578
1188,2025-11-03,X (Nov 2025),19.05,19.68,18.75,18.85,18.938,-0.1928,75530,0,187255
1189,2025-11-04,X (Nov 2025),18.94,20.21,18.9,19.75,19.7605,0.8225,103215,0,177203
1190,2025-11-05,X (Nov 2025),19.7,20.65,18.7,19.0,18.9114,-0.8491,102988,0,166379
1191,2025-11-06,X (Nov 2025),18.95,20.38,18.75,19.85,20.053,1.1416,123041,0,154239
1192,2025-11-07,X (Nov 2025),19.9,21.7,19.7,19.8,19.8557,-0.1973,148589,0,132779
1193,2025-11-10,X (Nov 2025),19.6,19.6,18.4,18.41,18.5012,-1.3545,111216,0,117347
1194,2025-11-11,X (Nov 2025),18.45,18.7,18.2,18.35,18.3268,-0.1744,62515,0,109057
1195,2025-11-12,X (Nov 2025),18.35,18.62,18.05,18.35,18.3384,0.0116,76838,0,96027
1196,2025-11-13,X (Nov 2025),18.4,20.9,18.2,20.35,20.4452,2.1068,128398,260,79389
1197,2025-11-14,X (Nov 2025),20.5,22.0,19.57,19.9,20.0738,-0.3714,125183,315,69195
1198,2025-11-17,X (Nov 2025),19.8,22.75,19.45,22.0,22.0493,1.9755,118348,0,54650
1199,2025-11-18,X (Nov 2025),22.0,25.2,21.75,24.6,23.9669,1.9176,118274,0,44228
1200,2025-11-19,X (Nov 2025),24.35,25.0,23.6,23.85,23.9,-0.0669,1626,0,42615
1201,2025-11-20,Z (Dec 2025),20.85,23.05,19.65,22.85,22.867,1.6347,245596,18,245665
1202,2025-11-21,Z (Dec 2025),22.8,23.45,21.3,21.5,21.5533,-1.3137,195023,5249,223757
1203,2025-11-24,Z (Dec 2025),21.2,21.95,19.85,19.95,19.8948,-1.6585,134919,70,205930
1204,2025-11-25,Z (Dec 2025),19.9,20.75,19.25,19.35,19.3179,-0.5769,107132,1627,191745
1205,2025-11-26,Z (Dec 2025),19.4,19.45,18.6,18.71,18.7431,-0.5748,99924,200,181730
1206,2025-11-28,Z (Dec 2025),18.75,18.85,18.2,18.2,18.2687,-0.4744,54869,0,179513
1207,2025-12-01,Z (Dec 2025),18.2,18.91,17.95,18.35,18.3442,0.0755,94695,536,171965
1208,2025-12-02,Z (Dec 2025),18.3,18.4,17.9,18.0,17.9472,-0.397,78347,40,161980
1209,2025-12-03,Z (Dec 2025),18.0,18.35,17.75,17.78,17.7946,-0.1526,83172,443,149992
1210,2025-12-04,Z (Dec 2025),17.8,17.97,17.5,17.55,17.5422,-0.2524,81188,79,138922
1211,2025-12-05,Z (Dec 2025),17.6,17.7,17.25,17.3,17.2631,-0.2791,72380,1700,131069
1212,2025-12-08,Z (Dec 2025),17.32,17.87,17.2,17.54,17.6046,0.3415,81894,0,123028
1213,2025-12-09,Z (Dec 2025),17.5,17.8,17.3,17.71,17.609,0.0044,56822,0,114363
1214,2025-12-10,Z (Dec 2025),17.7,17.95,16.55,16.71,16.6644,-0.9446,91736,370,106909
1215,2025-12-11,Z (Dec 2025),16.75,17.4,16.05,16.1,16.2564,-0.408,89304,0,94367
1216,2025-12-12,Z (Dec 2025),16.1,17.95,15.95,16.7,16.5715,0.3151,123641,102,77950
1217,2025-12-15,Z (Dec 2025),16.65,17.1,16.1,16.53,16.5036,-0.0679,85203,0,62790
1218,2025-12-16,Z (Dec 2025),16.55,17.55,16.23,16.75,16.3399,-0.1637,96518,0,50065
1219,2025-12-17,Z (Dec 2025),16.55,16.65,16.15,16.45,16.01,-0.3299,1269,0,48820
1220,2025-12-18,F (Jan 2026),18.75,18.85,18.05,18.3,18.1867,-0.6166,97093,135,202838
1221,2025-12-19,F (Jan 2026),18.25,18.3,17.35,17.4,17.4453,-0.7414,80598,2721,203742
1222,2025-12-22,F (Jan 2026),17.3,17.3,16.8,16.9,16.8537,-0.5916,73258,60,200246
1223,2025-12-23,F (Jan 2026),16.9,17.11,16.8,16.95,16.9364,0.0827,52052,667,194209
1224,2025-12-24,F (Jan 2026),16.95,17.0,16.75,16.9,16.8532,-0.0832,31402,0,190880
1225,2025-12-26,F (Jan 2026),16.9,17.1,16.7,16.81,16.8173,-0.0359,40214,271,184471
