,Trade Date,Futures,Open,High,Low,Close,Settle,Change,Total Volume,EFP,Open Interest,Close_MA20,Volume_MA50,Volume/MA50,volume_pct,volume_pct_ge90_count_last_5,volume_pct_ge90_count_last_10,SELL
524,2023-03-13,H (Mar 2023),23.95,28.4,22.4,25.1,25.3724,1.1916,204022,864,91311,21.043499999999998,88663.96,2.3010702431968975,99.0,3.0,3.0,True
525,2023-03-14,H (Mar 2023),25.25,25.65,22.2,23.58,23.7017,-1.6707,155485,855,81246,21.2295,90800.94,1.7123721406408348,96.66666666666667,4.0,4.0,True
526,2023-03-15,H (Mar 2023),23.6,28.55,23.02,25.85,25.8129,2.1112,182630,180,76752,21.5745,93256.5,1.9583621516998815,98.66666666666667,5.0,5.0,True
532,2023-03-23,J (Apr 2023),23.5,24.65,22.0,23.93,24.2236,0.7236,132921,0,140161,22.1685,93098.5,1.4277458820496571,93.33333333333333,1.0,5.0,True
533,2023-03-24,J (Apr 2023),23.85,26.25,23.16,23.35,23.2241,-0.9995,138091,0,130045,22.223499999999998,94564.26,1.4602874278294993,93.33333333333333,2.0,5.0,True
561,2023-05-04,K (May 2023),20.65,22.1,19.8,21.2,21.1905,1.2364,161231,60,128905,19.278,91073.66,1.7703362311342268,98.0,2.0,3.0,True
607,2023-07-12,N (Jul 2023),15.41,15.7,14.25,14.31,14.2934,-1.2591,114150,294,107742,15.181000000000001,84278.42,1.3544392502849485,90.0,3.0,3.0,True
623,2023-08-03,Q (Aug 2023),16.85,17.75,16.35,16.6,16.7483,0.0461,142012,553,134525,15.029,84460.44,1.6814025595888442,97.0,2.0,3.0,True
624,2023-08-04,Q (Aug 2023),16.75,17.6,15.65,17.35,17.5076,0.7593,140503,0,128871,15.103500000000002,85648.84,1.6404542081363858,96.66666666666667,3.0,4.0,True
626,2023-08-08,Q (Aug 2023),16.25,18.55,16.2,16.53,16.4955,0.2012,174613,216,101339,15.179499999999999,87703.92,1.9909372351885755,98.33333333333333,4.0,5.0,True
627,2023-08-09,Q (Aug 2023),16.5,17.2,15.85,16.31,16.3469,-0.1486,141708,0,89470,15.279499999999999,88764.48,1.5964493905670376,96.33333333333334,4.0,6.0,True
628,2023-08-10,Q (Aug 2023),16.3,16.95,15.1,16.09,16.0072,-0.3397,185182,184,76033,15.374500000000001,90644.7,2.0429434925594108,99.0,4.0,6.0,True
633,2023-08-17,U (Sep 2023),18.0,18.95,17.6,18.9,18.8548,0.843,126664,0,197902,15.991,91101.52,1.3903609950745057,93.33333333333333,1.0,5.0,True
634,2023-08-18,U (Sep 2023),18.85,19.55,18.2,18.5,18.4487,-0.4061,135240,450,189340,16.131,92273.92,1.46563622744108,94.0,2.0,5.0,True
660,2023-09-26,V (Oct 2023),17.3,19.3,17.25,18.98,19.1742,1.6768,152290,0,175451,15.287499999999998,96535.86,1.5775484881991002,96.0,3.0,3.0,True
661,2023-09-27,V (Oct 2023),18.95,19.5,18.2,18.28,18.3022,-0.872,160182,0,161354,15.407,98300.42,1.6295149094988608,96.66666666666667,4.0,4.0,True
662,2023-09-28,V (Oct 2023),18.25,18.55,17.2,17.25,17.3515,-0.9507,141961,455,147790,15.503499999999999,101115.4,1.4039503379307208,95.0,4.0,5.0,True
663,2023-09-29,V (Oct 2023),17.25,17.85,16.5,17.59,17.7712,0.4197,140735,0,147897,15.633,102273.1,1.3760705405429188,94.33333333333334,4.0,6.0,True
665,2023-10-03,V (Oct 2023),17.85,20.05,17.55,19.7,19.6564,1.8057,160035,575,137978,16.011000000000003,104837.86,1.5265000640035957,96.33333333333334,4.0,7.0,True
666,2023-10-04,V (Oct 2023),19.75,20.35,18.4,18.75,18.5177,-1.1387,158232,16,121244,16.1835,106644.84,1.4837286079664052,96.0,4.0,8.0,True
668,2023-10-06,V (Oct 2023),18.4,19.6,17.51,17.95,18.0342,-0.1656,151277,565,111895,16.4925,107586.32,1.4060988423063452,94.66666666666667,3.0,7.0,True
672,2023-10-12,V (Oct 2023),16.35,17.85,15.8,16.95,16.9479,0.4458,143590,151,71947,17.077,108631.8,1.3218044808242153,94.33333333333334,2.0,5.0,True
673,2023-10-13,V (Oct 2023),16.97,20.2,16.63,19.35,19.2567,2.3088,185655,104,61868,17.336999999999996,109504.66,1.6954073004747012,99.0,2.0,5.0,True
677,2023-10-19,X (Nov 2023),19.35,20.82,19.0,20.68,20.5549,0.9582,159949,420,164775,18.07,106298.0,1.5047225723908257,95.66666666666667,2.0,4.0,True
678,2023-10-20,X (Nov 2023),20.65,21.15,20.1,20.99,20.725,0.1701,140524,583,161959,18.2445,105404.84,1.3331835615897714,92.0,2.0,4.0,True
679,2023-10-23,X (Nov 2023),20.75,21.9,19.25,19.8,20.0003,-0.7247,143591,325,158423,18.369,106099.58,1.3533606824833802,93.66666666666667,3.0,5.0,True
681,2023-10-25,X (Nov 2023),19.12,20.85,18.9,20.23,20.3008,1.2133,138434,0,151267,18.472,107057.1,1.2930856524228658,90.0,4.0,6.0,True
792,2024-04-05,J (Apr 2024),15.96,16.35,15.43,16.01,16.0774,0.2466,154104,96,119782,14.574000000000002,90400.8,1.7046751798656647,94.0,3.0,3.0,True
795,2024-04-10,J (Apr 2024),15.0,16.2,14.75,15.46,15.3171,0.2418,167943,0,89245,14.666500000000003,94715.58,1.7731296160568304,97.0,3.0,4.0,True
797,2024-04-12,J (Apr 2024),15.0,18.1,15.0,17.05,17.0882,2.0643,215259,270,62923,14.8625,96908.22,2.2212666789256885,99.66666666666667,2.0,5.0,True
798,2024-04-15,J (Apr 2024),17.05,18.7,15.95,18.55,18.4081,1.3199,158535,3294,51773,15.059999999999999,97929.44,1.6188696677934644,94.33333333333334,3.0,6.0,True
802,2024-04-19,K (May 2024),17.35,19.7,17.1,17.8,17.8354,0.4525,161953,717,177618,15.7875,98509.46,1.6440349992782417,95.66666666666667,2.0,4.0,True
864,2024-07-19,Q (Aug 2024),15.25,16.15,15.23,15.9,15.9169,0.6235,182927,1727,185843,13.7245,91296.92,2.0036491921085617,98.0,2.0,3.0,True
867,2024-07-24,Q (Aug 2024),14.85,17.25,14.84,17.06,17.072,2.1397,231402,0,179669,13.9195,97063.02,2.3840387410158885,100.0,3.0,4.0,True
868,2024-07-25,Q (Aug 2024),17.05,17.95,16.09,17.18,17.1444,0.0724,227721,2900,174334,14.081,99968.44,2.277928914365374,99.66666666666667,3.0,4.0,True
873,2024-08-01,Q (Aug 2024),15.85,18.2,15.65,17.7,17.4669,1.4675,201973,318,166539,14.803500000000003,106509.82,1.8962852439333762,99.0,1.0,4.0,True
874,2024-08-02,Q (Aug 2024),17.65,23.0,17.65,22.5,21.8527,4.3858,361047,1188,174657,15.262,111964.7,3.224650269236643,100.0,2.0,4.0,True
875,2024-08-05,Q (Aug 2024),23.0,37.1,22.65,31.0,32.0986,10.2459,327852,0,164777,16.157,118397.82,2.769071254859253,99.66666666666667,3.0,5.0,True
876,2024-08-06,Q (Aug 2024),30.65,30.72,21.85,24.36,25.7702,-6.3284,224511,3583,145439,16.7225,120443.44,1.8640367628158079,98.66666666666667,4.0,6.0,True
877,2024-08-07,Q (Aug 2024),24.5,25.95,21.3,25.75,25.0766,-0.6936,154856,0,135726,17.362000000000002,121981.82,1.269500651818443,92.0,5.0,6.0,True
898,2024-09-06,U (Sep 2024),18.85,21.55,18.05,20.95,20.4643,1.712,194456,0,123714,17.0505,121768.66,1.5969297847245751,97.33333333333334,3.0,3.0,True
901,2024-09-11,U (Sep 2024),18.35,20.35,17.2,17.45,17.2328,-1.0536,159598,370,88397,16.935,123621.26,1.291023890227296,91.66666666666666,2.0,4.0,True
1014,2025-02-25,H (Mar 2025),18.35,19.4,18.05,18.37,18.4836,0.0534,182928,200,202055,16.9565,97519.76,1.8758044523489394,95.0,3.0,3.0,True
1016,2025-02-27,H (Mar 2025),17.8,19.35,17.65,19.23,19.3063,1.1726,164843,3622,178805,17.115000000000002,100921.34,1.6333810074261796,93.0,4.0,4.0,True
1017,2025-02-28,H (Mar 2025),19.25,20.0,18.7,18.93,18.8291,-0.4772,184717,0,159440,17.2215,103182.7,1.790193511121535,95.33333333333334,4.0,5.0,True
1019,2025-03-04,H (Mar 2025),20.5,23.0,20.04,20.72,21.2409,0.5832,235740,738,145869,17.5365,107795.04,2.186928081292052,98.66666666666667,3.0,6.0,True
1020,2025-03-05,H (Mar 2025),20.7,21.75,20.05,20.37,20.1269,-1.114,155199,2713,128821,17.682499999999997,110864.72,1.3998952958163786,90.33333333333333,4.0,7.0,True
1021,2025-03-06,H (Mar 2025),20.3,22.95,20.2,22.46,22.8281,2.7012,168299,807,130499,17.967999999999996,107946.56,1.559095537643812,93.0,4.0,8.0,True
1022,2025-03-07,H (Mar 2025),22.4,23.62,21.55,21.85,21.6254,-1.2027,162330,303,120265,18.229,106569.64,1.5232293174679017,91.33333333333333,4.0,8.0,True
1023,2025-03-10,H (Mar 2025),21.8,25.45,21.8,24.77,24.9344,3.309,176385,0,112322,18.5975,107642.26,1.6386222288532404,93.33333333333333,5.0,8.0,True
1024,2025-03-11,H (Mar 2025),24.8,26.65,23.97,24.69,24.6115,-0.3229,178060,1383,101839,18.9945,109767.72,1.6221526692911177,93.33333333333333,5.0,8.0,True
1043,2025-04-07,J (Apr 2025),35.0,40.2,26.9,32.9,33.1708,0.6732,223915,83,122555,22.277,119973.3,1.8663736014596581,96.33333333333334,3.0,3.0,True
1044,2025-04-08,J (Apr 2025),32.8,41.5,29.3,39.5,39.1728,6.002,176070,966,107141,23.017500000000002,118604.42,1.4845146580540591,91.66666666666666,4.0,4.0,True
1045,2025-04-09,J (Apr 2025),39.23,44.01,26.8,28.1,28.6489,-10.5239,178459,308,96134,23.26,120186.4,1.4848518634387917,92.33333333333333,5.0,5.0,True
1252,2026-02-05,G (Feb 2026),19.15,21.36,18.95,21.29,20.8475,1.5547,196557,118,109772,18.122,86121.0,2.282335318911764,96.33333333333334,2.0,3.0,True
1258,2026-02-13,G (Feb 2026),20.4,21.81,19.5,21.2,21.029,0.3715,156142,0,52702,18.994999999999997,88477.26,1.7647698402956873,92.0,1.0,3.0,True
1272,2026-03-06,H (Mar 2026),22.9,27.1,22.39,26.4,26.9657,3.992,208585,30,145760,20.64,102232.52,2.0402998967451844,97.0,3.0,3.0,True
