Trade Date,vix_call_vol,vix_put_vol,vix_call_oi,vix_put_oi,vix_pc_ratio,spx_call_vol,spx_put_vol,spx_call_oi,spx_put_oi,spx_pc_ratio,equity_call_vol,equity_put_vol,equity_call_oi,equity_put_oi,equity_pc_ratio,source,source_ts,complete
2026-05-04,431740,69042,9482402,3779242,0.16,2132003,2740727,8996588,12676141,1.286,2517020.0,1355561.0,234833704.0,148100871.0,0.539,daily_options,,
2026-05-05,322946,152421,9620126,3798241,0.472,1908281,2209451,9120010,12870938,1.158,2663922.0,1507237.0,240115375.0,151748895.0,0.566,daily_options,,
2026-05-06,836554,311991,9713780,3817004,0.373,3658145,2808793,9194225,13043547,0.768,3605679.0,1842473.0,245391084.0,155285220.0,0.511,daily_options,,
2026-05-07,406389,196297,9400424,3848263,0.483,2413439,2919726,9621162,13329925,1.21,3061195.0,1406566.0,250850998.0,158655539.0,0.459,daily_options,,
2026-05-08,378096,135116,9556397,3883904,0.357,2095867,2390258,9659396,13548439,1.14,3695561.0,1954735.0,255580342.0,162264673.0,0.529,daily_options,,
2026-05-11,427526,276881,9731661,3960043,0.648,1917361,2451169,9647821,13487528,1.278,3626937.0,1556972.0,248396552.0,157154945.0,0.429,daily_options,,
2026-05-12,424955,289645,9895350,4032329,0.682,2209693,2663680,9792806,13690776,1.205,2806998.0,1376031.0,254977352.0,161000498.0,0.49,daily_options,,
2026-05-13,484440,143190,10011622,4101801,0.296,2579634,2550777,9822987,13909678,0.989,3345854.0,1657212.0,260516114.0,164458799.0,0.495,daily_options,,
2026-05-14,434530,305141,10002437,4102349,0.702,2901582,2772958,10010797,14102359,0.956,3389958.0,1721036.0,265009128.0,167182184.0,0.508,daily_options,,
2026-05-15,522545,193577,10155887,4185171,0.37,2545563,2935074,10121779,14295946,1.153,3243285.0,1928868.0,270539617.0,170494912.0,0.595,daily_options,,
2026-05-18,1111267,543411,10314071,4242694,0.489,2735856,2920112,9319991,12751240,1.067,2908794.0,1479279.0,228402884.0,144573079.0,0.509,daily_options,,
2026-05-19,1054420,185994,10596911,4265477,0.176,2325623,2865514,9405509,12856006,1.232,2097836.0,1175510.0,234295392.0,148248183.0,0.56,daily_options,,
2026-05-20,1036440,199932,7370176,2603816,0.193,2364377,2373333,9372781,13116316,1.004,2417772.0,1175814.0,239392818.0,151590822.0,0.486,daily_options,,
2026-05-21,362961,182002,8291911,2714891,0.501,2501281,2581593,9423035,13157681,1.032,2507028.0,1219535.0,244282908.0,154518701.0,0.486,daily_options,,
2026-05-22,311855,232548,8471770,2737984,0.746,2152788,2580287,9527860,13271937,1.199,3208894.0,1760464.0,249424802.0,157489007.0,0.549,daily_options,,
2026-05-26,364571,187473,8590775,2872463,0.514,2092970,2515106,9594079,13181015,1.202,2960846.0,1388890.0,241484625.0,152227826.0,0.469,daily_options,,
2026-05-27,242748,67402,8653092,2931396,0.278,1895279,2234041,9560576,13395906,1.179,2817219.0,1212335.0,248040920.0,156161361.0,0.43,daily_options,,
2026-05-28,459602,278669,8007186,2966260,0.606,2033843,2340392,9638441,13513278,1.151,3421157.0,1336066.0,253701089.0,159570739.0,0.391,daily_options,,
2026-05-29,437900,150542,8201309,3061204,0.344,3007951,2661246,9750572,13678590,0.885,4227007.0,1780632.0,260303222.0,162841347.0,0.421,daily_options,,
2026-06-01,346499,178053,8378564,3121568,0.514,2082029,2182933,9970560,13394605,1.048,3429844.0,1511326.0,253904817.0,157956457.0,0.441,daily_options,,
2026-06-02,509394,172916,8503056,3127372,0.339,1924695,2246139,9948385,13497163,1.167,3020358.0,1302545.0,260390976.0,162311221.0,0.431,daily_options,,
2026-06-03,678857,199737,8593294,3203235,0.294,2107719,2576932,10118950,13831631,1.223,3336272.0,1628576.0,265715562.0,165827099.0,0.488,daily_options,,
2026-06-04,370884,305648,8875920,3249886,0.824,2186190,2378686,10228589,14052459,1.088,2827891.0,1236215.0,269500414.0,168770734.0,0.437,daily_options,,
2026-06-05,986244,419950,9132309,3445763,0.426,3353542,4431183,10323982,14210529,1.321,3428564.0,2304832.0,274020299.0,171184517.0,0.672,daily_options,,
2026-06-08,427248,312795,9225657,3508264,0.732,2229097,2986063,10373458,14275495,1.34,2485525.0,1293791.0,265149087.0,166280721.0,0.521,daily_options,,
2026-06-09,704115,257382,9326340,3500081,0.366,3336561,4197606,10470763,14405295,1.258,2822599.0,1761377.0,269791396.0,168663781.0,0.624,daily_options,,
2026-06-10,643927,256380,9485137,3540232,0.398,2449533,3018385,10554996,14717935,1.232,2442124.0,1604187.0,273604165.0,171400795.0,0.657,daily_options,,
2026-06-11,393253,167700,9630704,3607900,0.426,2767231,2929898,10602224,14785725,1.059,2598064.0,1454199.0,277047076.0,173198127.0,0.56,daily_options,,
2026-06-12,523819,350284,9765651,3669470,0.669,2405090,2747842,10819614,15002898,1.143,3242298.0,1760580.0,281414030.0,175073368.0,0.543,daily_options,,
2026-06-15,424317,545019,9946696,3694601,1.284,2381245,2728359,10858519,15012246,1.146,2762048.0,1503990.0,274175220.0,170885646.0,0.545,daily_options,,
2026-06-16,1134736,270464,10147955,3762360,0.238,2143590,2768568,10960217,15134818,1.292,2407406.0,1413390.0,278389707.0,173081054.0,0.587,daily_options,,
2026-06-17,479587,152911,10699796,3753236,0.319,2283588,2927088,11088864,15436110,1.282,3248042.0,1920726.0,282978988.0,176321049.0,0.591,daily_options,,
2026-06-18,382042,77024,7404501,2409258,0.202,2212435,2927800,11332158,15737631,1.323,3510642.0,2051457.0,286522433.0,177916899.0,0.584,daily_options,,
2026-06-22,379680,85509,7656183,2439412,0.225,2208967,2687571,8766320,12101066,1.217,2837408.0,1697450.0,227147324.0,140036771.0,0.598,daily_options,,
2026-06-23,468549,192518,7922082,2474198,0.411,2350288,2780575,8861758,12267280,1.183,2312156.0,1284004.0,233806740.0,143788387.0,0.555,daily_options,,
2026-06-24,290550,237972,7986583,2606823,0.819,2479482,2964831,8983488,12429093,1.196,2481023.0,1512219.0,238750650.0,146911477.0,0.61,daily_options,,
2026-06-25,243635,138881,7951652,2677119,0.57,2373401,2907469,9122494,12571562,1.225,2451946.0,1632370.0,243247519.0,150126703.0,0.666,daily_options,,
2026-06-26,184297,135336,7995576,2744763,0.734,2359036,2867075,9243864,12743742,1.215,2851255.0,2416366.0,248287703.0,152944762.0,0.847,daily_options,,
2026-06-29,232943,325697,8029237,2813841,1.398,2228679,2587126,9310432,12632154,1.161,2880260.0,1693735.0,241501889.0,149588380.0,0.588,daily_options,,
2026-06-30,414630,251955,8137631,2999360,0.608,2333492,2548801,9455203,12794820,1.092,2337620.0,1491391.0,247885289.0,153466768.0,0.638,daily_options,,
2026-07-01,381536,124440,8299519,3081656,0.326,2263364,2311503,9316972,12491357,1.021,2832120.0,1949199.0,252789813.0,156308110.0,0.688,daily_options,,
2026-07-02,571155,216094,8430825,2966600,0.378,2800075,2997087,9421208,12580544,1.07,3654873.0,1937643.0,257105218.0,158835218.0,0.53,daily_options,,
2026-07-06,472404,202042,8488149,3040979,0.428,2021381,2284703,9440330,12617271,1.13,2630754.0,1634657.0,251579715.0,155861247.0,0.621,daily_options,,
2026-07-07,607791,127764,8569443,3147505,0.21,2126005,2634893,9478776,12624548,1.239,2091339.0,1433974.0,256413371.0,158915294.0,0.686,daily_options,,
2026-07-08,534355,271784,8880636,3164366,0.509,2270448,2544336,9497768,12899538,1.121,2168422.0,1867507.0,260877305.0,162504231.0,0.861,daily_options,,
2026-07-09,384679,197036,8977982,3274175,0.512,2146854,2315888,9602542,12988218,1.079,2408403.0,1371710.0,263623664.0,164392089.0,0.57,daily_options,,
2026-07-10,539718,238414,9178334,3390452,0.442,2186130,2453782,9710236,13051193,1.122,3027527.0,1673293.0,267650814.0,166882390.0,0.553,daily_options,,
2026-07-13,502779,247364,9389609,3441160,0.492,2082338,2567921,9746948,12980251,1.233,3037257.0,2048756.0,260706478.0,162158375.0,0.675,daily_options,,
2026-07-14,486219,154734,9588201,3618692,0.318,2006282,2375890,9754642,13110924,1.184,2419739.0,1503515.0,265163363.0,165587951.0,0.621,daily_options,,
2026-07-15,473405,166100,9751868,3708100,0.351,2419723,2776730,9836580,13320576,1.148,3318088.0,2293731.0,269038288.0,168184285.0,0.691,daily_options,,
2026-07-16,657194,161897,9884106,3704068,0.246,2415788,2821553,9928006,13484300,1.168,2826531.0,1904413.0,272550338.0,170524099.0,0.674,daily_options,,
2026-07-17,875257,310831,10269628,3728933,0.355,2466270,2919722,10055149,13647216,1.184,3084643.0,2249331.0,277822866.0,172962274.0,0.729,daily_options,,
2026-07-20,394406,247825,10571675,3791384,0.628,2197044,2514257,8899931,11951417,1.144,2219427.0,1463035.0,230814925.0,146059584.0,0.659,daily_options,,
2026-07-21,900905,456135,10677510,3824671,0.506,1847296,2280108,8998008,12086247,1.234,1919693.0,1246771.0,236120024.0,148948659.0,0.649,daily_options,,
2026-07-22,406605,289760,10989609,3863362,0.713,1969140,2240439,9092918,12288186,1.138,2033485.0,1363666.0,240905107.0,152343919.0,0.671,daily_options,,
2026-07-23,1126253,331760,7971812,2719817,0.295,2511690,2741406,9183680,12477552,1.091,2326171.0,1408920.0,244985820.0,154919659.0,0.606,daily_options,,
2026-07-24,409573,173690,8133912,2826198,0.424,2424774,2848500,9305551,12684890,1.175,2716358.0,2149973.0,249237075.0,157291136.0,0.791,daily_options,,
2026-07-27,234157,117828,8388620,2876242,0.503,2359814,2518158,9335648,12532376,1.067,2197659.0,1459922.0,239829306.0,151728232.0,0.664,daily_options,,
2026-07-28,245090,211040,8483233,2914697,0.861,2193360,2481075,9384664,12568130,1.131,1831831.0,1292653.0,244418625.0,154410137.0,0.706,daily_options,,
2026-07-29,503413,337360,8593709,2936110,0.67,2323471,2847522,9475575,12748676,1.226,2166529.0,1316441.0,248895693.0,157389451.0,0.608,daily_options,,
2026-07-30,749746,265229,8608074,3041742,0.354,2427172,2856138,9566881,12885636,1.177,2210946.0,1347105.0,252934476.0,160005878.0,0.609,daily_options,,
2026-07-31,465415,161206,8483103,3179589,0.346,2585592,2849143,9709615,13111858,1.102,2367222.0,1480429.0,257577587.0,163080758.0,0.625,daily_options,,
2026-08-03,516366,346852,8783882,3203205,0.672,2979473,2693503,9437689,12819333,0.904,2991553.0,1645452.0,247576648.0,156853727.0,0.55,daily_options,,
2026-08-04,611060,201425,8799921,3255687,0.33,4023796,3369211,9647367,12954981,0.837,2592500.0,1187856.0,254707338.0,161040833.0,0.458,daily_options,,
2026-08-05,590352,228876,8768125,3299649,0.388,2708153,2852000,10019030,13358462,1.053,2459217.0,1475844.0,261088986.0,164994285.0,0.6,daily_options,,
2026-08-06,524897,228840,8772775,3369262,0.436,2112711,2431967,10134418,13641587,1.151,2088601.0,1185562.0,264756300.0,167842952.0,0.568,daily_options,,
2026-08-07,526678,150797,9110351,3516499,0.286,2170850,2450832,10131026,13722831,1.129,2964835.0,1599633.0,269160659.0,170456543.0,0.54,daily_options,,
2026-08-10,412645,139612,9191200,3535574,0.338,1829765,2070924,10045048,13561789,1.132,2393068.0,1469985.0,260317832.0,164592702.0,0.614,daily_options,,
2026-08-11,723302,145435,9373964,3578239,0.201,2019037,2312374,10119843,13649484,1.145,1868704.0,1172970.0,265052074.0,167410240.0,0.628,daily_options,,
2026-08-12,504633,269962,9636842,3622332,0.535,1855325,2119578,10234572,13883959,1.142,2221282.0,1364951.0,269137438.0,170327145.0,0.614,daily_options,,
2026-08-13,389081,238272,9806233,3682631,0.612,2447947,2366063,10343437,14085331,0.967,2587098.0,1533495.0,272526356.0,172742192.0,0.593,daily_options,,
2026-08-14,566694,275653,9931255,3721168,0.486,1821476,2042366,10444147,14246273,1.121,3168538.0,1646535.0,276717539.0,175332696.0,0.52,daily_options,,
2026-08-17,742404,312664,10266460,3838378,0.421,1662205,2127543,10373392,14083672,1.28,2162367.0,1394901.0,269572780.0,170549133.0,0.645,daily_options,,
2026-08-18,545518,242049,10679378,3920297,0.444,1790324,2346874,10388707,14209249,1.311,2439784.0,1572047.0,274018903.0,173445220.0,0.644,daily_options,,
2026-08-19,556997,166001,10969150,3986281,0.298,2085680,2370051,10475343,14506077,1.136,2916050.0,1504733.0,277604940.0,176151600.0,0.516,daily_options,,
2026-08-20,555580,109593,7633254,2805332,0.197,2328836,2473864,10552190,14611268,1.062,2755261.0,1584740.0,281198545.0,178168237.0,0.575,daily_options,,
2026-08-21,1054043,223879,8038679,2877892,0.212,2077932,2347470,10737825,14769009,1.13,3535632.0,1811166.0,284976206.0,180540705.0,0.512,daily_options,,
2026-08-24,423103,115258,8213467,2993443,0.272,1870934,2133386,9369850,13334109,1.14,2091611.0,1422757.0,244012182.0,154384204.0,0.68,daily_options,,
2026-08-25,449432,195443,8288589,3075723,0.435,1809308,1987176,9434606,13433023,1.098,1755910.0,1009521.0,248329770.0,157471266.0,0.575,daily_options,,
2026-08-26,364674,122435,8516767,3188718,0.336,1959601,2059391,9516896,13589236,1.051,1884970.0,1200896.0,253743948.0,160489153.0,0.637,daily_options,,
2026-08-27,899323,374871,8558454,3173461,0.417,2339645,2578569,9517785,13603321,1.102,3100690.0,1209707.0,257391798.0,163189227.0,0.39,daily_options,,
2026-08-28,626993,153889,8901725,3334549,0.245,2587157,2986432,9637561,13772929,1.154,3055639.0,1880977.0,262728352.0,165989460.0,0.616,daily_options,,
2026-08-31,451762,115163,9196895,3415209,0.255,2143908,2251095,9623771,13621857,1.05,2073559.0,1459658.0,255411088.0,161666690.0,0.704,daily_options,,
2026-09-01,641475,216596,9248019,3486606,0.338,2545314,3068026,9568383,13469478,1.205,2149891.0,1433085.0,259280029.0,164145225.0,0.667,daily_options,,
2026-09-02,459791,151359,9563660,3563004,0.329,2172718,2282579,9683184,13842336,1.051,2524943.0,1401404.0,263219199.0,167246833.0,0.555,daily_options,,
2026-09-03,370014,176649,9713326,3560345,0.477,2762278,2739751,9794350,13908229,0.992,3111669.0,1473628.0,266407629.0,169101703.0,0.474,daily_options,,
2026-09-04,909887,190645,9827097,3653877,0.21,2235394,2560804,9910658,14038493,1.146,3189180.0,1845989.0,271132909.0,171974950.0,0.579,daily_options,,
2026-09-08,741857,220893,10317931,3719021,0.298,2235404,2691692,9885539,13911380,1.204,2695317.0,1297497.0,265027885.0,167707226.0,0.481,daily_options,,
2026-09-09,796773,281071,10491822,3739274,0.353,2206837,2509517,10059293,14206202,1.137,2750934.0,1845750.0,270456553.0,170384946.0,0.671,daily_options,,
2026-09-10,1233609,321465,10688163,3748944,0.261,2347078,2684211,10158140,14376404,1.144,2380020.0,1431502.0,273214563.0,172711134.0,0.601,daily_options,,
2026-09-11,734298,314796,11042242,3784178,0.429,2288638,2818113,10316448,14498871,1.231,2927213.0,1695334.0,277235804.0,174969798.0,0.579,daily_options,,
2026-09-14,680319,268189,11268306,3758122,0.394,2554036,2827053,10306421,14447089,1.107,2581495.0,1716826.0,271096494.0,171116448.0,0.665,daily_options,,
2026-09-15,615274,202076,11420744,3688067,0.328,2180309,2615622,10425740,14630397,1.2,2198898.0,1239484.0,275229282.0,173508095.0,0.564,daily_options,,
2026-09-16,975592,386157,11666942,3754313,0.396,2223324,2849186,10529483,14757221,1.281,2335804.0,1614247.0,278901558.0,175826181.0,0.691,daily_options,,
2026-09-17,422031,211602,8411243,2443215,0.501,2391117,2740454,10771508,15152137,1.146,2746490.0,1432442.0,281821801.0,177592076.0,0.522,daily_options,,
2026-09-18,540186,112608,8618822,2572095,0.208,2471836,2796421,10980686,15413480,1.131,3493359.0,2036627.0,286729196.0,179776127.0,0.583,daily_options,,
2026-09-21,449179,264163,8887033,2633597,0.588,3583911,2914326,8546566,12169660,0.813,3144451.0,1663575.0,237472511.0,150269312.0,0.529,daily_options,,
2026-09-22,613819,288602,9028460,2644303,0.47,2340038,2426521,8804188,12414011,1.037,2460777.0,1145629.0,243549717.0,153264773.0,0.466,daily_options,,
2026-09-23,537359,192695,9279652,2769337,0.359,2598775,3063839,8922773,12725417,1.179,2647370.0,1205941.0,249089090.0,156601610.0,0.456,daily_options,,
2026-09-24,528525,210092,9633218,2951393,0.398,2588947,2505517,9348538,13240363,0.968,,,,,,json,2026-09-25T05:44:17-07:00,True
